t,phase,meas_x,meas_y,meas_th_deg,ekf_x,ekf_y,ekf_th_deg,cmd_speed,cmd_heading
3.467,drive,179.52,98.89,221.0,179.52,98.89,-139.0,40,42.66845677173543
3.491,drive,179.52,98.88,225.2,179.52,98.88,-135.8,40,42.66845677173543
3.515,drive,179.53,98.90,230.3,179.53,98.90,-131.1,40,42.66845677173543
3.539,drive,179.54,98.90,225.9,179.54,98.90,-133.4,40,42.66845677173543
3.564,drive,179.54,98.92,222.4,179.54,98.92,-136.6,40,42.66845677173543
3.588,drive,179.55,98.92,222.6,179.55,98.92,-137.2,40,42.66845677173543
3.611,drive,179.54,98.92,223.0,179.54,98.92,-137.1,40,42.66845677173543
3.635,drive,179.54,98.92,221.6,179.54,98.92,-138.1,40,42.66845677173543
3.659,drive,179.53,98.92,223.1,179.53,98.92,-137.2,40,42.66845677173543
3.683,drive,179.53,98.90,222.7,179.53,98.90,-137.3,40,42.66845677173543
3.707,drive,179.53,98.90,221.7,179.53,98.90,-138.1,40,42.66845677173543
3.731,drive,179.52,98.90,222.2,179.52,98.90,-137.9,40,42.66845677173543
3.755,drive,179.52,98.90,221.9,179.52,98.90,-138.1,40,42.66845677173543
3.778,drive,179.50,98.91,221.4,179.50,98.91,-138.5,40,42.66845677173543
3.802,drive,179.50,98.92,224.8,179.50,98.92,-136.0,40,42.66845677173543
3.826,drive,179.51,98.90,226.3,179.51,98.90,-134.3,40,42.66845677173543
3.850,drive,179.51,98.89,224.1,179.51,98.89,-135.5,40,42.66845677173543
3.873,drive,179.51,98.87,227.2,179.51,98.87,-133.5,40,42.66845677173543
3.897,drive,179.51,98.89,221.6,179.51,98.89,-137.2,40,42.66845677173543
3.921,drive,179.49,98.91,225.7,179.49,98.90,-135.0,40,42.66845677173543
3.945,drive,179.51,98.92,225.3,179.51,98.91,-134.7,40,42.66845677173543
3.969,drive,179.51,98.90,225.4,179.51,98.90,-134.7,40,42.65301767244207
3.993,drive,179.50,98.90,224.7,179.50,98.90,-135.1,40,42.65301767244207
4.016,drive,179.52,98.90,225.0,179.51,98.90,-135.0,40,42.65301767244207
4.040,drive,179.51,98.90,224.3,179.50,98.90,-135.5,40,42.65301767244207
4.065,drive,179.52,98.88,222.4,179.52,98.88,-138.1,40,42.65301767244207
4.088,drive,179.50,98.91,218.2,179.50,98.91,-142.0,40,42.65301767244207
4.113,drive,179.52,98.92,202.7,179.52,98.92,-154.7,40,42.65301767244207
4.137,drive,179.55,98.91,201.8,179.54,98.91,-158.4,40,42.65301767244207
4.161,drive,179.54,98.92,193.9,179.54,98.92,-165.3,40,42.65301767244207
4.184,drive,179.58,98.92,182.3,179.58,98.92,-175.7,40,42.65301767244207
4.208,drive,179.58,98.93,181.1,179.58,98.93,-179.2,40,42.65301767244207
4.232,drive,179.66,98.94,176.3,179.66,98.94,176.4,40,42.65301767244207
4.256,drive,179.68,98.93,182.0,179.68,98.93,179.6,40,42.65301767244207
4.279,drive,179.62,98.99,178.3,179.62,98.99,177.6,40,42.65301767244207
4.303,drive,179.56,98.99,179.1,179.56,98.99,178.7,40,42.65301767244207
4.327,drive,179.48,99.00,181.4,179.47,99.00,-179.3,40,42.65301767244207
4.350,drive,179.39,98.97,186.2,179.39,98.97,-175.2,40,42.65301767244207
4.374,drive,179.26,98.97,182.3,179.26,98.97,-177.1,40,42.65301767244207
4.398,drive,179.05,98.93,184.8,179.05,98.93,-175.6,40,42.65301767244207
4.422,drive,178.96,98.95,180.6,178.95,98.95,-178.5,40,42.65301767244207
4.446,drive,178.69,98.95,190.0,178.69,98.95,-172.0,40,42.65301767244207
4.469,drive,178.55,98.96,188.4,178.55,98.96,-171.7,40,41.850251905947864
4.493,drive,178.27,99.00,186.3,178.27,99.00,-173.2,40,41.850251905947864
4.517,drive,178.09,99.04,182.0,178.09,99.04,-176.9,40,41.850251905947864
4.541,drive,177.73,99.06,177.4,177.73,99.06,178.7,40,41.850251905947864
4.565,drive,177.48,99.08,178.9,177.48,99.08,178.8,40,41.850251905947864
4.589,drive,177.26,99.07,182.4,177.26,99.07,-178.5,40,41.850251905947864
4.613,drive,176.80,99.06,169.5,176.80,99.06,172.3,40,41.850251905947864
4.637,drive,176.54,99.06,179.9,176.54,99.06,178.0,40,41.850251905947864
4.661,drive,176.27,99.05,168.7,176.27,99.05,170.9,40,41.850251905947864
4.684,drive,175.74,99.01,177.3,175.74,99.01,175.7,40,41.850251905947864
4.708,drive,175.42,99.02,188.2,175.42,99.02,-174.9,40,41.850251905947864
4.732,drive,174.88,98.99,177.6,174.88,98.99,179.4,40,41.850251905947864
4.756,drive,174.52,99.02,181.2,174.52,99.02,-179.2,40,41.850251905947864
4.780,drive,173.84,99.06,182.0,173.84,99.06,-178.3,40,41.850251905947864
4.803,drive,173.54,99.05,171.3,173.54,99.05,173.8,40,41.850251905947864
4.827,drive,172.82,98.99,179.9,172.82,98.99,178.4,40,41.850251905947864
4.851,drive,172.43,98.97,184.5,172.43,98.97,-177.0,40,41.850251905947864
4.875,drive,172.13,98.94,189.9,172.13,98.94,-171.8,40,41.850251905947864
4.899,drive,171.36,98.87,187.6,171.36,98.87,-172.3,40,41.850251905947864
4.923,drive,171.01,98.87,183.9,171.00,98.87,-175.2,40,41.850251905947864
4.947,drive,170.24,98.85,185.2,170.24,98.85,-174.9,40,41.850251905947864
4.971,drive,169.89,98.82,182.6,169.89,98.82,-176.8,40,38.40129315736888
4.995,drive,169.11,98.78,190.9,169.11,98.78,-170.9,40,38.40129315736888
5.018,drive,168.71,98.75,190.4,168.71,98.75,-169.9,40,38.40129315736888
5.042,drive,168.34,98.75,180.8,168.34,98.75,-176.9,40,38.40129315736888
5.066,drive,167.59,98.72,188.1,167.59,98.72,-173.1,40,38.40129315736888
5.090,drive,167.20,98.63,175.3,167.20,98.63,178.1,40,38.40129315736888
5.115,drive,166.36,98.54,174.2,166.36,98.54,175.1,40,38.40129315736888
5.139,drive,166.00,98.43,175.4,166.00,98.43,175.3,40,38.40129315736888
5.163,drive,165.24,98.14,175.7,165.24,98.14,175.6,40,38.40129315736888
5.187,drive,164.89,97.97,175.8,164.89,97.97,175.8,40,38.40129315736888
5.212,drive,164.07,97.66,176.6,164.07,97.66,176.4,40,38.40129315736888
5.235,drive,163.72,97.58,180.7,163.72,97.58,179.7,40,38.40129315736888
5.259,drive,163.33,97.51,182.7,163.32,97.51,-178.0,40,38.40129315736888
5.283,drive,162.46,97.28,185.0,162.46,97.28,-175.8,40,38.40129315736888
5.306,drive,162.05,97.15,184.0,162.05,97.15,-175.9,40,38.40129315736888
5.331,drive,161.22,96.97,180.1,161.22,96.97,-178.7,40,38.40129315736888
5.356,drive,160.82,96.87,186.4,160.81,96.87,-174.8,40,38.40129315736888
5.380,drive,159.97,96.73,179.9,159.97,96.73,-178.8,40,38.40129315736888
5.404,drive,159.55,96.72,181.9,159.55,96.72,-178.3,40,38.40129315736888
5.427,drive,159.10,96.70,181.3,159.10,96.70,-178.6,40,38.40129315736888
5.451,drive,158.21,96.67,174.5,158.21,96.67,176.2,40,38.40129315736888
5.475,drive,157.79,96.65,176.0,157.79,96.65,176.1,40,38.882476311832946
5.498,drive,156.93,96.64,176.6,156.94,96.64,176.5,40,38.882476311832946
5.522,drive,156.53,96.65,175.0,156.53,96.65,175.4,40,38.882476311832946
5.545,drive,155.59,96.62,180.3,155.60,96.62,179.1,40,38.882476311832946
5.569,drive,155.13,96.61,178.1,155.13,96.61,178.3,40,38.882476311832946
5.593,drive,154.30,96.54,185.1,154.30,96.54,-176.6,40,38.882476311832946
5.617,drive,153.88,96.52,178.3,153.88,96.52,179.5,40,38.882476311832946
5.640,drive,153.48,96.51,179.9,153.48,96.51,179.8,40,38.882476311832946
5.664,drive,152.77,96.34,173.5,152.77,96.34,175.0,40,38.882476311832946
5.688,drive,152.39,96.29,176.0,152.39,96.29,175.8,40,38.882476311832946
5.712,drive,151.34,96.22,177.3,151.34,96.22,176.9,40,38.882476311832946
5.736,drive,150.93,96.22,181.1,150.93,96.22,-179.9,40,38.882476311832946
5.759,drive,150.43,96.21,186.0,150.43,96.21,-175.4,40,38.882476311832946
5.784,drive,149.42,96.23,182.2,149.42,96.23,-177.3,40,38.882476311832946
5.808,drive,148.85,96.29,177.5,148.85,96.29,178.7,40,38.882476311832946
5.831,drive,147.91,96.36,177.8,147.91,96.36,177.9,40,38.882476311832946
5.855,drive,147.39,96.37,183.9,147.39,96.37,-177.6,40,38.882476311832946
5.879,drive,146.31,96.44,182.6,146.31,96.44,-177.5,0,38.882476311832946
5.902,settle,145.80,96.43,176.4,145.80,96.43,177.9,0,0
5.926,settle,145.30,96.42,185.8,145.30,96.42,-176.1,0,0
5.949,settle,144.22,96.39,189.4,144.22,96.39,-171.9,0,0
5.973,settle,143.67,96.39,182.2,143.67,96.39,-176.4,0,0
5.996,settle,142.66,96.33,182.1,142.66,96.33,-177.5,0,0
6.020,settle,142.16,96.27,182.1,142.16,96.27,-177.8,0,0
6.044,settle,141.12,96.18,192.4,141.12,96.18,-170.0,0,0
6.067,settle,140.63,96.15,188.8,140.63,96.15,-169.9,0,0
6.091,settle,140.16,96.12,187.1,140.16,96.12,-172.2,0,0
6.116,settle,139.05,96.02,185.2,139.05,96.02,-174.2,0,0
6.139,settle,138.54,95.98,188.7,138.54,95.98,-172.0,0,0
6.163,settle,137.50,95.78,184.9,137.50,95.78,-174.4,0,0
6.187,settle,136.98,95.67,187.3,136.98,95.67,-173.1,0,0
6.211,settle,136.42,95.49,182.8,136.42,95.49,-176.2,0,0
6.234,settle,135.41,95.20,186.0,135.41,95.20,-174.5,0,0
6.258,settle,134.91,95.06,182.8,134.91,95.06,-176.6,0,0
6.282,settle,133.86,94.75,185.4,133.86,94.75,-175.1,0,0
6.306,settle,133.34,94.58,190.5,133.33,94.58,-170.8,0,0
6.329,settle,132.38,94.23,196.6,132.38,94.23,-165.2,0,0
6.353,settle,131.91,94.07,188.1,131.91,94.07,-170.3,0,0
6.377,settle,130.90,93.64,187.5,130.90,93.64,-172.0,0,0
6.400,settle,130.41,93.49,184.5,130.41,93.49,-174.7,0,0
6.424,settle,129.91,93.40,181.3,129.91,93.40,-177.8,0,0
6.448,settle,128.88,93.17,183.5,128.89,93.17,-176.8,0,0
6.472,settle,128.39,93.02,176.8,128.39,93.02,178.4,0,0
6.495,settle,127.41,92.85,193.5,127.41,92.85,-170.2,0,0
6.519,settle,126.95,92.80,185.1,126.95,92.80,-173.8,0,0
6.543,settle,126.47,92.81,185.0,126.47,92.81,-174.7,0,0
6.567,settle,125.46,92.94,182.8,125.47,92.94,-176.6,0,0
6.591,settle,124.99,92.89,186.9,124.99,92.89,-174.0,0,0
6.614,settle,124.01,92.89,182.5,124.02,92.89,-176.6,0,0
6.638,settle,123.55,92.85,181.9,123.55,92.85,-177.7,0,0
6.662,settle,122.68,92.88,180.7,122.68,92.88,-179.0,0,0
6.686,settle,122.39,92.65,175.7,122.39,92.65,176.7,0,0
6.710,settle,122.04,92.61,179.2,122.04,92.61,178.6,0,0
6.734,settle,121.44,92.38,176.0,121.44,92.39,176.6,0,0
6.758,settle,121.13,92.34,180.4,121.13,92.34,179.5,0,0
6.782,settle,120.61,91.73,189.6,120.61,91.73,-172.9,0,0
6.805,settle,120.35,91.41,192.1,120.35,91.41,-169.1,0,0
6.829,settle,119.78,90.66,185.6,119.78,90.66,-173.1,0,0
6.853,settle,119.43,90.29,192.3,119.44,90.29,-169.0,0,0
6.877,settle,118.76,89.66,186.7,118.76,89.66,-172.2,0,0
6.901,settle,118.42,89.39,183.5,118.42,89.39,-175.5,0,0
6.924,settle,118.06,89.15,184.8,118.06,89.15,-175.3,0,0
6.948,settle,117.33,88.83,185.0,117.33,88.83,-175.1,0,0
6.972,settle,116.91,88.76,179.7,116.91,88.76,-179.0,0,0
6.996,settle,116.52,88.66,181.8,116.52,88.66,-178.4,0,0
7.020,settle,115.74,88.62,184.2,115.74,88.62,-176.4,0,0
7.044,settle,115.32,88.60,183.4,115.32,88.60,-176.5,0,0
7.068,settle,114.55,88.68,177.1,114.55,88.68,178.7,0,0
7.091,settle,114.15,88.77,174.3,114.16,88.77,175.3,0,0
7.116,settle,113.36,88.93,172.7,113.37,88.93,173.3,0,0
7.140,settle,112.94,89.07,175.0,112.95,89.07,174.6,0,0
7.164,settle,112.04,89.38,175.5,112.04,89.38,175.3,0,0
7.188,settle,111.64,89.61,176.2,111.64,89.61,176.0,0,0
7.212,settle,111.25,89.82,174.3,111.25,89.82,174.7,0,0
7.236,settle,110.36,90.20,176.5,110.36,90.20,176.1,0,0
7.260,settle,109.93,90.38,176.3,109.93,90.38,176.3,0,0
7.284,settle,109.08,90.74,180.3,109.08,90.74,179.3,0,0
7.307,settle,108.63,90.95,178.7,108.63,90.94,178.8,0,0
7.332,settle,107.65,91.17,178.7,107.66,91.17,178.7,0,0
7.356,settle,107.26,91.19,180.9,107.26,91.19,-179.6,0,0
7.380,settle,106.32,91.03,180.7,106.32,91.03,-179.4,0,0
7.404,settle,105.86,90.91,190.0,105.86,90.91,-172.2,0,0
7.428,settle,105.38,90.74,185.3,105.38,90.74,-174.1,0,0
7.451,settle,104.50,90.43,181.3,104.50,90.43,-177.6,0,0
7.475,settle,104.07,90.31,184.1,104.07,90.31,-176.3,0,0
7.499,settle,103.14,89.90,182.0,103.14,89.90,-177.6,0,0
7.522,settle,102.69,89.76,175.9,102.69,89.76,177.5,0,0
7.546,settle,101.84,89.37,182.5,101.84,89.37,-178.7,0,0
7.570,settle,101.43,89.15,178.1,101.43,89.15,178.9,0,0
7.594,settle,100.94,88.95,182.4,100.94,88.95,-178.5,0,0
7.618,settle,100.10,88.57,184.0,100.10,88.57,-176.6,0,0
7.641,settle,99.73,88.35,179.4,99.73,88.35,-179.7,0,0
7.665,settle,98.94,88.14,190.3,98.94,88.14,-172.1,0,0
7.689,settle,98.59,88.04,186.1,98.59,88.04,-173.5,0,0
7.712,settle,97.91,87.89,190.7,97.91,87.89,-170.3,0,0
7.736,settle,97.60,87.83,189.7,97.60,87.83,-170.3,0,0
7.760,settle,97.32,87.76,189.5,97.32,87.76,-170.4,0,0
7.784,settle,96.78,87.70,185.8,96.78,87.70,-173.3,0,0
7.808,settle,96.52,87.70,181.7,96.52,87.70,-177.1,0,0
7.832,settle,96.10,87.81,187.4,96.10,87.81,-173.7,0,0
7.856,settle,95.91,87.89,187.2,95.91,87.89,-173.0,0,0
7.879,settle,95.75,87.99,192.7,95.75,87.99,-168.7,0,0
7.904,settle,95.47,88.29,181.4,95.47,88.29,-176.2,0,0
7.927,settle,95.33,88.41,189.6,95.33,88.41,-171.8,0,0
7.951,settle,95.14,88.66,192.6,95.14,88.66,-168.4,0,0
7.975,settle,95.10,88.77,189.6,95.10,88.77,-169.9,0,0
7.998,settle,94.95,89.10,189.7,94.95,89.10,-170.2,0,0
8.023,settle,94.90,89.21,187.3,94.90,89.21,-172.1,0,0
8.046,settle,94.88,89.37,178.7,94.88,89.37,-179.1,0,0
8.071,settle,94.80,89.45,184.6,94.80,89.45,-176.2,0,0
8.095,settle,94.81,89.49,177.3,94.81,89.49,178.9,0,0
8.119,settle,94.83,89.51,177.6,94.83,89.51,177.9,0,0
8.143,settle,94.83,89.54,178.3,94.83,89.54,178.2,0,0
8.167,settle,94.88,89.53,177.1,94.88,89.53,177.4,0,0
8.191,settle,94.92,89.50,184.8,94.92,89.50,-177.0,0,0
8.216,settle,95.04,89.40,178.7,95.04,89.40,179.7,0,0
8.240,settle,95.12,89.29,185.8,95.12,89.29,-175.7,0,0
8.263,settle,95.25,89.09,185.9,95.25,89.09,-174.5,0,0
8.287,settle,95.33,88.95,187.8,95.33,88.95,-172.7,0,0
8.311,settle,95.40,88.82,185.2,95.40,88.82,-174.3,0,0
8.335,settle,95.49,88.60,193.1,95.49,88.60,-168.7,0,0
8.359,settle,95.56,88.45,191.2,95.56,88.45,-168.8,0,0
8.383,settle,95.66,88.25,195.1,95.66,88.25,-165.8,0,0
8.407,face1,95.67,88.15,188.0,95.67,88.15,-170.5,0,0
8.431,face1,95.69,87.92,188.5,95.69,87.93,-171.3,0,0
8.454,face1,95.76,87.81,189.1,95.76,87.81,-171.0,0,0
8.478,face1,95.74,87.76,190.1,95.74,87.76,-170.2,0,0
8.501,face1,95.75,87.73,188.6,95.75,87.73,-171.1,0,0
8.525,face1,95.73,87.79,185.3,95.73,87.79,-173.8,0,0
8.549,face1,95.65,87.97,187.2,95.65,87.97,-173.1,0,0
8.573,face1,95.64,88.06,185.4,95.64,88.06,-174.2,0,0
8.597,face1,95.58,88.29,193.3,95.58,88.29,-168.5,0,0
8.621,face1,95.53,88.38,195.2,95.53,88.38,-165.7,0,0
8.644,face1,95.49,88.50,186.7,95.49,88.50,-171.4,0,0
8.668,face1,95.40,88.68,190.4,95.40,88.68,-170.1,0,0
8.692,face1,95.37,88.80,185.7,95.37,88.80,-173.3,0,0
8.716,face1,95.24,89.03,184.0,95.24,89.03,-175.3,0,0
8.739,face1,95.23,89.15,179.8,95.23,89.15,-179.0,0,0
8.763,face1,95.17,89.27,186.6,95.17,89.27,-174.8,0,0
8.787,face1,95.09,89.37,180.8,95.09,89.37,-178.1,0,0
8.811,face1,95.06,89.40,181.8,95.06,89.40,-178.2,0,0
8.835,face1,95.04,89.41,178.7,95.04,89.41,179.5,0,0
8.859,face1,95.04,89.39,183.9,95.04,89.39,-177.2,0,0
8.883,face1,95.08,89.29,180.8,95.08,89.29,-178.7,0,0
8.907,face1,95.08,89.23,186.6,95.08,89.23,-174.7,0,0
8.931,face1,95.16,88.98,190.8,95.16,88.98,-170.5,0,0
8.955,face1,95.21,88.81,180.6,95.21,88.81,-177.3,0,0
8.978,face1,95.25,88.73,188.3,95.25,88.73,-173.0,0,0
9.002,face1,95.39,88.57,189.7,95.39,88.57,-171.0,0,0
9.026,face1,95.37,88.50,190.4,95.37,88.50,-169.9,0,0
9.050,face1,95.50,88.36,194.5,95.50,88.36,-166.6,0,0
9.074,face1,95.53,88.30,186.8,95.53,88.30,-171.6,0,0
9.098,face1,95.60,88.16,189.1,95.60,88.16,-171.1,0,0
9.122,face1,95.65,88.07,185.9,95.65,88.07,-173.4,0,0
9.146,face1,95.69,87.96,190.2,95.69,87.96,-170.7,0,0
9.170,face1,95.72,87.89,185.8,95.72,87.89,-173.3,0,0
9.193,face1,95.75,87.87,184.8,95.75,87.87,-174.7,0,0
9.218,face1,95.73,87.92,185.6,95.73,87.92,-174.5,0,0
9.241,face1,95.74,87.97,198.9,95.74,87.97,-163.3,0,0
9.265,face1,95.68,88.05,205.2,95.68,88.05,-155.8,0,0
9.289,face1,95.68,88.14,214.9,95.68,88.14,-146.7,0,0
9.313,face1,95.73,88.25,222.7,95.73,88.25,-138.6,0,0
9.337,face1,95.67,88.27,255.2,95.67,88.27,-111.9,0,0
9.361,face1,95.68,88.40,265.6,95.68,88.40,-97.6,0,0
9.385,face1,95.60,88.63,297.1,95.60,88.63,-70.3,0,0
9.408,face1,95.56,88.76,303.9,95.56,88.76,-58.5,0,0
9.433,face1,95.42,89.01,327.9,95.42,89.01,-37.4,0,0
9.456,face1,95.32,89.04,340.5,95.32,89.04,-22.8,0,0
9.480,face1,95.30,89.18,343.9,95.30,89.18,-16.7,0,0
9.504,face1,95.04,89.25,355.9,95.04,89.25,-6.1,0,0
9.528,face1,94.98,89.26,357.0,94.98,89.26,-2.7,0,0
9.552,face1,94.79,89.26,1.7,94.79,89.26,1.7,0,0
9.576,face1,94.73,89.25,2.2,94.73,89.25,3.1,0,0
9.600,face1,94.66,89.10,4.4,94.66,89.10,5.1,0,0
9.624,face1,94.65,89.03,2.9,94.65,89.03,4.5,0,0
9.648,face1,94.64,88.92,5.2,94.64,88.92,6.0,0,0
9.671,face1,94.66,88.68,4.6,94.66,88.68,5.9,0,0
9.696,face1,94.69,88.58,3.9,94.69,88.58,5.4,0,0
9.720,face1,94.77,88.43,7.4,94.77,88.43,8.0,0,0
9.744,pulse1,94.80,88.31,8.2,94.80,88.31,9.2,25,218.64111973963261
9.768,pulse1,94.96,88.23,9.1,94.96,88.23,10.2,25,218.64111973963261
9.796,pulse1,95.01,88.18,7.7,95.01,88.18,9.3,25,218.64111973963261
9.820,pulse1,95.16,88.10,8.9,95.16,88.10,10.1,25,218.64111973963261
9.844,pulse1,95.26,88.08,9.8,95.26,88.08,10.9,25,218.64111973963261
9.867,pulse1,95.35,88.06,13.1,95.35,88.06,13.6,25,218.64111973963261
9.891,pulse1,95.46,87.92,7.6,95.46,87.92,10.1,25,218.64111973963261
9.914,pulse1,95.58,87.87,11.2,95.58,87.87,12.0,25,218.64111973963261
9.938,pulse1,95.64,87.86,10.3,95.64,87.86,11.7,25,218.64111973963261
9.961,pulse1,95.72,87.87,13.6,95.72,87.87,14.1,25,218.64111973963261
9.984,pulse1,95.75,87.88,8.7,95.75,87.88,11.0,25,218.64111973963261
10.008,pulse1,95.78,87.91,8.4,95.78,87.91,10.1,25,218.64111973963261
10.032,pulse1,95.76,87.93,7.5,95.76,87.93,9.2,25,218.64111973963261
10.055,pulse1,95.74,87.98,7.8,95.74,87.98,9.1,25,218.64111973963261
10.079,pulse1,95.70,88.02,8.4,95.70,88.02,9.6,25,218.64111973963261
10.103,pulse1,95.64,88.05,10.2,95.64,88.05,11.1,25,218.64111973963261
10.128,pulse1,95.56,88.09,7.9,95.56,88.09,9.7,25,218.64111973963261
10.153,pulse1,95.45,88.16,7.5,95.45,88.16,9.1,25,218.64111973963261
10.177,pulse1,95.41,88.17,6.7,95.41,88.17,8.3,25,218.64111973963261
10.200,pulse1,95.27,88.23,9.2,95.27,88.23,10.0,25,218.64111973963261
10.224,pulse1,95.17,88.27,8.9,95.17,88.27,9.9,25,218.64111973963261
10.247,pulse1,95.11,88.24,8.2,95.11,88.24,8.6,25,218.64111973963261
10.271,pulse1,94.97,88.34,14.1,94.97,88.34,12.8,25,218.64111973963261
10.295,pulse1,94.95,88.42,12.8,94.95,88.42,12.8,25,218.64111973963261
10.319,pulse1,94.84,88.50,8.9,94.84,88.50,9.8,25,218.64111973963261
10.342,pulse1,94.83,88.58,11.3,94.83,88.58,10.9,25,218.64111973963261
10.366,pulse1,94.83,88.81,8.9,94.83,88.81,9.4,25,218.64111973963261
10.389,pulse1,94.85,88.86,8.7,94.85,88.86,8.9,25,218.64111973963261
10.412,pulse1,94.92,89.03,6.9,94.92,89.03,7.4,25,218.64111973963261
10.436,pulse1,94.95,89.10,6.4,94.95,89.10,6.6,25,218.64111973963261
10.460,pulse1,94.99,89.12,7.3,94.99,89.12,7.1,25,218.64111973963261
10.484,pulse1,95.08,89.13,5.9,95.08,89.13,6.2,25,218.64111973963261
10.507,pulse1,95.14,89.13,4.2,95.14,89.13,4.7,25,218.64111973963261
10.530,pulse1,95.24,89.05,5.9,95.24,89.05,5.6,25,218.64111973963261
10.554,settle1,95.38,88.93,5.3,95.37,88.93,5.4,0,0
10.578,settle1,95.45,88.87,4.0,95.45,88.87,4.4,0,0
10.601,settle1,95.57,88.67,5.9,95.57,88.67,5.5,0,0
10.625,settle1,95.66,88.56,5.2,95.66,88.56,5.3,0,0
10.648,settle1,95.84,88.45,5.3,95.84,88.45,5.3,0,0
10.672,settle1,95.95,88.42,7.1,95.95,88.42,6.7,0,0
10.695,settle1,96.14,88.37,5.1,96.14,88.37,5.5,0,0
10.719,settle1,96.26,88.37,5.1,96.26,88.37,5.2,0,0
10.742,settle1,96.42,88.42,6.8,96.42,88.42,6.4,0,0
10.766,settle1,96.62,88.54,9.7,96.62,88.54,8.9,0,0
10.791,settle1,96.79,88.60,5.0,96.79,88.60,5.9,0,0
10.814,settle1,96.84,88.72,5.4,96.84,88.72,5.5,0,0
10.838,settle1,97.14,88.93,10.9,97.14,88.93,9.6,0,0
10.861,settle1,97.32,88.97,7.3,97.32,88.97,7.9,0,0
10.884,settle1,97.61,89.10,9.3,97.61,89.10,9.0,0,0
10.908,settle1,97.75,89.17,4.6,97.75,89.17,5.6,0,0
10.932,settle1,97.98,89.25,1.9,97.98,89.25,2.8,0,0
10.955,settle1,98.20,89.26,3.9,98.20,89.26,3.6,0,0
10.979,settle1,98.35,89.30,5.7,98.35,89.30,5.2,0,0
11.002,settle1,98.66,89.36,6.0,98.66,89.36,5.8,0,0
11.026,settle1,98.87,89.40,6.4,98.87,89.40,6.2,0,0
11.050,settle1,99.26,89.47,7.2,99.26,89.47,7.0,0,0
11.073,settle1,99.53,89.52,9.2,99.53,89.52,8.6,0,0
11.097,settle1,99.97,89.68,11.2,99.97,89.68,10.6,0,0
11.121,settle1,100.16,89.77,11.0,100.16,89.77,10.9,0,0
11.145,settle1,100.41,89.87,9.4,100.41,89.87,9.8,0,0
11.168,settle1,101.02,89.98,12.1,101.02,89.98,11.5,0,0
11.192,settle1,101.26,90.05,11.1,101.26,90.05,11.2,0,0
11.215,settle1,101.48,90.03,13.3,101.47,90.03,12.8,0,0
11.239,settle1,102.02,90.09,10.0,102.02,90.09,10.7,0,0
11.263,settle1,102.28,90.07,12.1,102.28,90.07,11.7,0,0
11.286,settle1,102.83,90.06,8.3,102.83,90.06,9.1,0,0
11.309,settle1,103.09,90.04,7.1,103.09,90.04,7.6,0,0
11.333,settle1,103.66,90.03,5.7,103.66,90.03,6.2,0,0
11.356,settle1,103.95,90.04,6.6,103.95,90.04,6.5,0,0
11.380,settle1,104.48,90.11,8.4,104.48,90.11,7.9,0,0
11.403,settle1,104.76,90.16,11.7,104.76,90.16,10.8,0,0
11.427,settle1,105.04,90.20,7.2,105.04,90.20,8.1,0,0
11.450,settle1,105.67,90.28,6.0,105.67,90.28,6.5,0,0
11.473,settle1,105.93,90.37,9.9,105.93,90.37,9.1,0,0
11.497,settle1,106.27,90.49,10.2,106.27,90.49,9.9,0,0
11.520,settle1,106.92,90.63,7.3,106.92,90.63,7.9,0,0
11.544,settle1,107.20,90.64,4.9,107.20,90.64,5.7,0,0
11.567,settle1,107.79,90.66,6.6,107.79,90.66,6.3,0,0
11.591,settle1,108.11,90.68,7.2,108.11,90.68,7.0,0,0
11.615,settle1,108.42,90.66,10.1,108.42,90.66,9.3,0,0
11.639,settle1,108.99,90.61,6.2,108.99,90.61,7.0,0,0
11.662,settle1,109.27,90.60,3.6,109.27,90.60,4.4,0,0
11.686,settle1,109.77,90.47,5.3,109.77,90.47,5.1,0,0
11.710,settle1,109.99,90.40,6.2,109.99,90.40,5.9,0,0
11.733,settle1,110.39,90.33,9.2,110.39,90.33,8.4,0,0
11.757,settle1,110.60,90.31,9.5,110.60,90.31,9.2,0,0
11.781,settle1,110.89,90.39,10.2,110.89,90.39,9.9,0,0
11.804,settle1,110.92,90.41,8.0,110.92,90.41,8.4,0,0
11.828,settle1,110.97,90.47,10.6,110.97,90.47,10.1,0,0
11.851,settle1,111.15,90.59,14.0,111.15,90.59,13.0,0,0
11.875,settle1,111.21,90.65,9.7,111.21,90.65,10.5,0,0
11.898,settle1,111.23,90.69,7.8,111.23,90.69,8.5,0,0
11.922,settle1,111.20,90.78,7.9,111.20,90.78,8.0,0,0
11.945,settle1,111.19,90.80,8.8,111.19,90.80,8.6,0,0
11.969,settle1,111.09,90.85,9.5,111.09,90.85,9.3,0,0
11.992,settle1,111.04,90.85,8.6,111.04,90.85,8.8,0,0
12.016,settle1,110.90,90.80,7.2,110.90,90.80,7.6,0,0
12.039,settle1,110.81,90.77,9.0,110.81,90.77,8.6,0,0
12.063,settle1,110.72,90.70,8.0,110.72,90.70,8.2,0,0
12.087,settle1,110.52,90.66,9.5,110.52,90.66,9.2,0,0
12.111,settle1,110.39,90.59,10.2,110.39,90.59,10.0,0,0
12.134,settle1,110.22,90.46,7.9,110.22,90.46,8.4,0,0
12.158,settle1,110.11,90.42,9.5,110.11,90.42,9.2,0,0
12.181,settle1,110.02,90.38,7.7,110.02,90.38,8.1,0,0
12.206,settle1,109.82,90.30,8.7,109.82,90.30,8.5,0,0
12.229,settle1,109.73,90.32,9.0,109.73,90.32,8.9,0,0
12.253,settle1,109.58,90.36,7.1,109.58,90.36,7.5,0,0
12.277,settle1,109.50,90.40,7.2,109.50,90.40,7.2,0,0
12.301,settle1,109.45,90.49,6.5,109.45,90.49,6.7,0,0
12.325,settle1,109.38,90.55,6.7,109.38,90.55,6.7,0,0
12.348,settle1,109.35,90.60,7.2,109.35,90.60,7.1,0,0
12.372,settle1,109.42,90.64,8.5,109.42,90.64,8.1,0,0
12.395,settle1,109.43,90.65,9.2,109.43,90.65,8.9,0,0
12.419,settle1,109.54,90.70,11.3,109.54,90.70,10.8,0,0
12.442,settle1,109.58,90.71,9.5,109.58,90.71,9.8,0,0
12.466,settle1,109.69,90.70,8.3,109.69,90.70,8.7,0,0
12.491,settle1,109.78,90.69,10.2,109.78,90.69,9.9,0,0
12.515,settle1,109.81,90.67,8.7,109.81,90.67,9.0,0,0
12.539,settle1,109.94,90.58,10.9,109.94,90.58,10.5,0,0
12.563,settle1,109.99,90.55,6.8,109.99,90.55,7.6,0,0
12.587,settle1,110.06,90.43,7.3,110.06,90.43,7.4,0,0
12.611,settle1,110.16,90.36,8.3,110.16,90.36,8.1,0,0
12.635,settle1,110.27,90.32,8.0,110.27,90.32,8.1,0,0
12.659,settle1,110.31,90.35,7.4,110.31,90.35,7.5,0,0
12.682,settle1,110.32,90.38,8.9,110.32,90.38,8.6,0,0
12.705,settle1,110.38,90.49,7.3,110.38,90.49,7.6,0,0
12.729,settle1,110.40,90.55,6.3,110.40,90.55,6.6,0,0
12.752,settle1,110.41,90.59,9.4,110.41,90.59,8.7,0,0
12.776,settle1,110.41,90.62,9.2,110.41,90.62,9.1,0,0
12.800,settle1,110.40,90.63,7.8,110.40,90.63,8.1,0,0
12.823,settle1,110.38,90.63,8.2,110.38,90.63,8.2,0,0
12.847,settle1,110.36,90.60,7.4,110.36,90.60,7.6,0,0
12.870,settle1,110.33,90.52,5.5,110.33,90.52,6.0,0,0
12.894,settle1,110.29,90.51,5.3,110.29,90.51,5.5,0,0
12.917,settle1,110.25,90.39,7.5,110.25,90.39,7.0,0,0
12.941,settle1,110.20,90.38,8.7,110.20,90.38,8.3,0,0
12.964,settle1,110.13,90.36,10.3,110.13,90.36,9.8,0,0
12.988,settle1,110.05,90.39,5.6,110.05,90.39,6.6,0,0
13.012,settle1,109.99,90.41,6.0,109.99,90.41,6.1,0,0
13.035,settle1,109.93,90.49,8.5,109.93,90.49,7.9,0,0
13.060,face2,109.90,90.52,9.1,109.90,90.52,8.8,0,0
13.085,face2,109.83,90.55,9.2,109.83,90.55,9.1,0,0
13.111,face2,109.75,90.57,9.2,109.75,90.57,9.2,0,0
13.135,face2,109.71,90.55,8.0,109.71,90.55,8.3,0,0
13.158,face2,109.65,90.51,8.5,109.65,90.51,8.4,0,0
13.182,face2,109.62,90.46,7.2,109.62,90.46,7.5,0,0
13.206,face2,109.60,90.40,8.2,109.60,90.40,8.0,0,0
13.229,face2,109.60,90.39,9.6,109.60,90.39,9.2,0,0
13.253,face2,109.60,90.37,9.1,109.60,90.37,9.1,0,0
13.277,face2,109.62,90.40,9.4,109.62,90.40,9.3,0,0
13.301,face2,109.67,90.45,7.3,109.67,90.45,7.8,0,0
13.324,face2,109.72,90.48,7.5,109.72,90.48,7.5,0,0
13.348,face2,109.76,90.51,6.4,109.76,90.51,6.7,0,0
13.371,face2,109.81,90.47,7.4,109.81,90.47,7.3,0,0
13.396,face2,109.86,90.47,7.4,109.86,90.47,7.3,0,0
13.420,face2,109.92,90.45,8.8,109.92,90.45,8.4,0,0
13.443,face2,109.95,90.45,7.8,109.95,90.45,8.0,0,0
13.467,face2,109.98,90.42,6.9,109.98,90.42,7.1,0,0
13.491,face2,110.04,90.39,5.4,110.04,90.39,5.8,0,0
13.514,face2,110.08,90.42,7.5,110.08,90.42,7.1,0,0
13.538,face2,110.11,90.41,9.6,110.11,90.41,9.0,0,0
13.562,face2,110.12,90.44,9.6,110.12,90.44,9.4,0,0
13.585,face2,110.18,90.48,5.5,110.18,90.48,6.5,0,0
13.608,face2,110.19,90.50,6.9,110.19,90.50,6.8,0,0
13.632,face2,110.20,90.50,4.3,110.20,90.50,4.9,0,0
13.655,face2,110.20,90.49,6.6,110.20,90.49,6.1,0,0
13.679,face2,110.17,90.46,6.8,110.17,90.46,6.6,0,0
13.703,face2,110.14,90.45,7.9,110.14,90.45,7.6,0,0
13.726,face2,110.11,90.42,9.6,110.11,90.42,9.1,0,0
13.750,face2,110.10,90.42,9.4,110.10,90.42,9.3,0,0
13.773,face2,110.08,90.42,7.4,110.08,90.42,7.9,0,0
13.797,face2,110.05,90.43,7.4,110.05,90.43,7.5,0,0
13.821,face2,110.00,90.46,6.1,110.00,90.46,6.5,0,0
13.845,face2,109.97,90.49,6.7,109.97,90.49,6.6,0,0
13.868,face2,109.95,90.49,7.0,109.95,90.49,6.9,0,0
13.893,face2,109.93,90.48,9.0,109.93,90.48,7.8,0,0
13.916,face2,109.92,90.46,8.9,109.92,90.46,8.6,0,0
13.940,face2,109.89,90.45,7.5,109.89,90.45,7.8,0,0
13.963,face2,109.87,90.44,7.9,109.87,90.44,7.8,0,0
13.987,face2,109.82,90.42,7.2,109.82,90.42,7.4,0,0
14.010,face2,109.81,90.44,8.6,109.81,90.44,8.3,0,0
14.034,face2,109.80,90.41,8.2,109.80,90.41,8.2,0,0
14.057,face2,109.78,90.41,7.4,109.78,90.41,7.6,0,0
14.080,face2,109.79,90.41,8.0,109.79,90.41,7.9,0,0
14.104,face2,109.76,90.46,9.1,109.76,90.46,8.8,0,0
14.128,face2,109.76,90.46,8.6,109.76,90.46,8.6,0,0
14.151,face2,109.74,90.45,7.1,109.74,90.45,7.5,0,0
14.175,face2,109.74,90.45,8.1,109.74,90.45,8.0,0,0
14.198,face2,109.75,90.43,8.7,109.75,90.43,8.5,0,0
14.222,face2,109.77,90.41,6.6,109.77,90.41,7.0,0,0
14.245,face2,109.76,90.41,8.1,109.76,90.41,7.8,0,0
14.269,face2,109.78,90.43,7.7,109.78,90.43,7.8,0,0
14.293,face2,109.80,90.41,9.3,109.80,90.41,8.9,0,0
14.317,face2,109.80,90.44,6.9,109.80,90.44,7.4,0,0
14.340,face2,109.81,90.43,8.6,109.81,90.43,8.3,0,0
14.364,face2,109.81,90.44,7.9,109.81,90.44,8.0,0,0
14.388,pulse2,109.83,90.44,9.2,109.83,90.44,8.9,25,222.33338342370072
14.411,pulse2,109.83,90.44,8.5,109.83,90.44,8.6,25,222.33338342370072
14.435,pulse2,109.86,90.44,7.0,109.86,90.44,7.4,25,222.33338342370072
14.458,pulse2,109.85,90.44,5.8,109.85,90.44,6.2,25,222.33338342370072
14.482,pulse2,109.87,90.43,8.0,109.87,90.43,7.5,25,222.33338342370072
14.506,pulse2,109.86,90.43,7.1,109.86,90.43,7.2,25,222.33338342370072
14.529,pulse2,109.86,90.41,8.0,109.86,90.41,7.8,25,222.33338342370072
14.553,pulse2,109.86,90.44,7.1,109.86,90.44,7.2,25,222.33338342370072
14.576,pulse2,109.84,90.44,6.2,109.84,90.44,6.4,25,222.33338342370072
14.600,pulse2,109.85,90.45,7.4,109.85,90.45,7.2,25,222.33338342370072
14.623,pulse2,109.83,90.43,6.8,109.83,90.43,6.9,25,222.33338342370072
14.647,pulse2,109.83,90.43,8.5,109.83,90.43,8.1,25,222.33338342370072
14.671,pulse2,109.82,90.44,8.9,109.82,90.44,8.7,25,222.33338342370072
14.694,pulse2,109.80,90.44,9.2,109.80,90.44,9.1,25,222.33338342370072
14.718,pulse2,109.80,90.43,8.2,109.80,90.43,8.4,25,222.33338342370072
14.742,pulse2,109.80,90.44,5.4,109.80,90.44,6.2,25,222.33338342370072
14.765,pulse2,109.80,90.42,9.3,109.80,90.42,8.5,25,222.33338342370072
14.789,pulse2,109.79,90.41,7.9,109.79,90.41,8.0,25,222.33338342370072
14.812,pulse2,109.80,90.43,8.4,109.80,90.43,8.3,25,222.33338342370072
14.836,pulse2,109.78,90.44,8.9,109.78,90.44,8.8,25,222.33338342370072
14.860,pulse2,109.79,90.44,7.8,109.79,90.44,8.0,25,222.33338342370072
14.884,pulse2,109.78,90.44,8.0,109.78,90.44,8.0,25,222.33338342370072
14.907,pulse2,109.80,90.46,8.4,109.80,90.46,8.3,25,222.33338342370072
14.931,pulse2,109.79,90.43,8.7,109.79,90.43,8.6,25,222.33338342370072
14.955,pulse2,109.80,90.44,7.5,109.80,90.44,7.8,25,222.33338342370072
14.978,pulse2,109.81,90.43,7.8,109.81,90.43,7.8,25,222.33338342370072
15.002,pulse2,109.81,90.42,6.5,109.81,90.42,6.8,25,222.33338342370072
15.026,settle2,109.81,90.43,7.7,109.81,90.43,7.5,0,0
15.049,settle2,109.80,90.44,8.5,109.80,90.44,8.2,0,0
15.073,settle2,109.80,90.43,9.5,109.80,90.43,9.2,0,0
15.096,settle2,109.80,90.44,5.8,109.80,90.44,6.6,0,0
15.121,settle2,109.82,90.45,7.7,109.82,90.45,7.4,0,0
15.144,settle2,109.81,90.43,9.1,109.81,90.43,8.7,0,0
15.168,settle2,109.81,90.44,7.0,109.81,90.44,7.4,0,0
15.192,settle2,109.80,90.43,8.2,109.80,90.43,8.0,0,0
15.215,settle2,109.81,90.44,9.0,109.81,90.44,8.8,0,0
15.239,settle2,109.80,90.42,7.7,109.80,90.42,7.9,0,0
15.262,settle2,109.81,90.43,9.0,109.81,90.43,8.7,0,0
15.286,settle2,109.79,90.44,7.1,109.79,90.44,7.5,0,0
15.310,settle2,109.79,90.43,8.0,109.79,90.43,7.9,0,0
15.334,settle2,109.78,90.43,8.7,109.78,90.43,8.5,0,0
15.357,settle2,109.78,90.42,5.0,109.78,90.42,5.8,0,0
15.381,settle2,109.78,90.43,5.8,109.78,90.43,5.8,0,0
15.404,settle2,109.79,90.43,5.2,109.79,90.43,5.4,0,0
15.428,settle2,109.81,90.43,6.8,109.81,90.43,6.4,0,0
15.451,settle2,109.85,90.45,6.5,109.85,90.45,6.5,0,0
15.475,settle2,109.93,90.42,11.6,109.93,90.42,10.3,0,0
15.498,settle2,109.93,90.40,7.6,109.93,90.40,8.3,0,0
15.522,settle2,109.98,90.42,2.1,109.98,90.42,3.6,0,0
15.545,settle2,110.01,90.44,4.3,110.01,90.44,4.2,0,0
15.569,settle2,110.11,90.47,4.7,110.11,90.47,4.6,0,0
15.593,settle2,110.18,90.48,5.2,110.18,90.48,5.0,0,0
15.617,settle2,110.26,90.48,4.9,110.26,90.48,4.9,0,0
15.640,settle2,110.33,90.45,3.9,110.33,90.45,4.2,0,0
15.664,settle2,110.39,90.44,4.7,110.39,90.44,4.6,0,0
15.687,settle2,110.56,90.43,3.3,110.56,90.43,3.6,0,0
15.712,settle2,110.65,90.42,6.6,110.65,90.42,5.9,0,0
15.735,settle2,110.73,90.43,2.6,110.73,90.43,3.4,0,0
15.759,settle2,110.98,90.43,0.3,110.98,90.43,1.1,0,0
15.782,settle2,111.04,90.44,1.5,111.04,90.44,1.4,0,0
15.806,settle2,111.22,90.42,3.5,111.22,90.42,3.0,0,0
15.829,settle2,111.32,90.44,2.9,111.32,90.44,2.9,0,0
15.853,settle2,111.44,90.43,0.6,111.44,90.43,1.2,0,0
15.877,settle2,111.50,90.41,1.6,111.50,90.41,1.5,0,0
15.900,settle2,111.55,90.42,0.1,111.55,90.42,0.4,0,0
15.924,settle2,111.63,90.42,359.3,111.63,90.42,-0.4,0,0
15.950,settle2,111.63,90.43,358.9,111.63,90.43,-0.9,0,0
15.974,settle2,111.63,90.48,1.3,111.63,90.48,0.8,0,0
15.997,settle2,111.63,90.48,3.0,111.63,90.48,2.4,0,0
16.021,settle2,111.62,90.49,0.4,111.62,90.48,0.9,0,0
16.045,settle2,111.53,90.46,2.2,111.53,90.46,1.9,0,0
16.068,settle2,111.49,90.48,0.8,111.49,90.48,1.1,0,0
16.092,settle2,111.38,90.44,0.7,111.38,90.44,0.8,0,0
16.117,settle2,111.32,90.42,1.9,111.32,90.42,1.7,0,0
16.140,settle2,111.18,90.37,4.2,111.18,90.37,3.6,0,0
16.164,settle2,111.11,90.40,3.7,111.11,90.40,3.7,0,0
16.188,settle2,110.99,90.40,4.2,110.99,90.40,4.1,0,0
16.211,settle2,110.88,90.43,4.5,110.88,90.43,4.4,0,0
16.235,settle2,110.82,90.46,2.1,110.82,90.46,2.7,0,0
16.258,settle2,110.69,90.49,6.3,110.69,90.49,5.4,0,0
16.282,settle2,110.67,90.56,3.7,110.67,90.56,4.1,0,0
16.306,settle2,110.57,90.54,5.6,110.57,90.54,5.2,0,0
16.329,settle2,110.57,90.55,3.4,110.57,90.55,3.8,0,0
16.352,settle2,110.55,90.52,4.9,110.55,90.52,4.6,0,0
16.376,settle2,110.57,90.53,4.8,110.57,90.53,4.7,0,0
16.399,settle2,110.58,90.52,5.5,110.58,90.52,5.3,0,0
16.424,settle2,110.63,90.49,0.8,110.63,90.49,1.9,0,0
16.447,settle2,110.66,90.44,7.9,110.66,90.44,6.4,0,0
16.471,settle2,110.74,90.43,2.7,110.74,90.43,3.6,0,0
16.494,settle2,110.82,90.40,4.5,110.82,90.40,4.3,0,0
16.518,settle2,110.86,90.40,4.6,110.86,90.40,4.5,0,0
16.541,settle2,111.01,90.41,1.1,111.01,90.41,1.9,0,0
16.565,settle2,111.06,90.42,2.9,111.06,90.42,2.7,0,0
16.588,settle2,111.15,90.44,3.2,111.15,90.44,3.0,0,0
16.611,settle2,111.19,90.45,4.5,111.19,90.45,4.1,0,0
16.635,settle2,111.25,90.45,4.3,111.25,90.45,4.2,0,0
16.658,settle2,111.30,90.46,2.6,111.30,90.46,3.0,0,0
16.682,settle2,111.33,90.46,1.5,111.33,90.46,1.9,0,0
16.705,settle2,111.35,90.39,2.1,111.35,90.39,2.0,0,0
16.729,settle2,111.37,90.39,2.7,111.37,90.39,2.6,0,0
16.752,settle2,111.36,90.39,2.2,111.36,90.39,2.3,0,0
16.776,settle2,111.34,90.42,6.4,111.34,90.42,5.4,0,0
16.800,settle2,111.32,90.42,2.6,111.32,90.42,3.3,0,0
16.824,settle2,111.27,90.44,3.7,111.27,90.44,3.6,0,0
16.847,settle2,111.21,90.43,2.7,111.21,90.43,2.9,0,0
16.871,settle2,111.13,90.45,1.8,111.13,90.45,2.1,0,0
16.895,settle2,111.11,90.44,1.6,111.11,90.44,1.7,0,0
16.918,settle2,111.08,90.43,2.6,111.08,90.43,2.4,0,0
16.942,settle2,111.00,90.42,359.8,111.00,90.42,0.5,0,0
16.965,settle2,110.95,90.43,4.1,110.95,90.43,3.2,0,0
16.990,settle2,110.83,90.43,3.8,110.83,90.43,3.7,0,0
17.013,settle2,110.79,90.44,3.6,110.79,90.44,3.6,0,0
17.037,settle2,110.74,90.46,3.0,110.74,90.46,3.2,0,0
17.060,settle2,110.72,90.45,0.9,110.72,90.46,1.5,0,0
17.084,settle2,110.71,90.47,3.0,110.71,90.47,2.6,0,0
17.107,settle2,110.72,90.49,3.8,110.72,90.49,3.5,0,0
17.130,settle2,110.74,90.49,2.8,110.74,90.49,3.0,0,0
17.153,settle2,110.77,90.48,2.9,110.77,90.48,2.9,0,0
17.177,settle2,110.79,90.47,2.1,110.79,90.47,2.3,0,0
17.200,settle2,110.83,90.46,3.0,110.83,90.46,2.8,0,0
17.223,settle2,110.92,90.43,5.0,110.92,90.43,4.5,0,0
17.247,settle2,110.97,90.42,359.8,110.97,90.42,0.9,0,0
17.271,settle2,110.99,90.44,5.2,110.99,90.44,4.1,0,0
17.294,settle2,111.04,90.42,1.1,111.04,90.42,1.8,0,0
17.318,settle2,111.07,90.43,1.3,111.07,90.43,1.4,0,0
17.341,settle2,111.11,90.43,2.4,111.11,90.43,2.2,0,0
17.365,settle2,111.12,90.44,2.2,111.12,90.44,2.2,0,0
17.388,settle2,111.13,90.43,1.3,111.13,90.43,1.5,0,0
17.412,settle2,111.13,90.44,2.9,111.13,90.44,2.6,0,0
17.436,settle2,111.12,90.44,1.1,111.12,90.44,1.4,0,0
17.459,settle2,111.12,90.44,0.7,111.12,90.44,0.9,0,0
17.483,settle2,111.10,90.45,1.2,111.10,90.45,1.2,0,0
17.506,settle2,111.07,90.43,1.9,111.07,90.43,1.8,0,0
17.530,face3,111.04,90.42,1.2,111.04,90.42,1.3,0,0
17.553,face3,111.02,90.44,359.3,111.02,90.44,-0.2,0,0
17.577,face3,110.99,90.44,8.3,110.99,90.44,6.3,0,0
17.600,face3,110.95,90.44,9.4,110.95,90.44,8.6,0,0
17.624,face3,110.87,90.46,4.8,110.87,90.46,5.7,0,0
17.648,face3,110.84,90.45,3.2,110.84,90.45,3.8,0,0
17.672,face3,110.83,90.48,2.9,110.83,90.48,3.1,0,0
17.696,face3,110.84,90.47,3.5,110.84,90.47,3.4,0,0
17.719,face3,110.81,90.47,1.9,110.81,90.47,2.2,0,0
17.743,face3,110.83,90.47,3.0,110.83,90.47,2.8,0,0
17.766,face3,110.83,90.46,3.0,110.83,90.46,3.0,0,0
17.790,face3,110.86,90.43,4.7,110.86,90.43,4.3,0,0
17.813,face3,110.90,90.44,4.9,110.90,90.44,4.7,0,0
17.837,face3,110.98,90.44,0.0,110.98,90.44,1.2,0,0
17.860,face3,111.00,90.44,360.0,111.00,90.44,0.2,0,0
17.884,face3,111.00,90.45,6.9,111.00,90.45,5.3,0,0
17.907,face3,111.01,90.44,0.2,111.01,90.44,1.4,0,0
17.931,face3,111.04,90.44,359.9,111.04,90.44,0.3,0,0
17.954,face3,111.02,90.44,0.7,111.02,90.44,0.6,0,0
17.978,face3,111.02,90.45,3.9,111.02,90.45,3.1,0,0
18.001,face3,111.02,90.44,3.3,111.02,90.44,3.2,0,0
18.025,face3,111.01,90.43,5.1,111.01,90.43,4.6,0,0
18.048,face3,110.99,90.43,5.3,110.99,90.43,5.1,0,0
18.072,face3,110.97,90.45,0.5,110.97,90.45,1.7,0,0
18.096,face3,110.94,90.45,1.0,110.94,90.45,1.4,0,0
18.121,face3,110.91,90.45,3.6,110.91,90.45,3.1,0,0
18.146,face3,110.87,90.48,4.8,110.87,90.48,4.4,0,0
18.170,face3,110.87,90.47,4.3,110.87,90.47,4.3,0,0
18.194,face3,110.86,90.47,4.2,110.86,90.47,4.3,0,0
18.217,face3,110.85,90.48,4.3,110.85,90.48,4.3,0,0
18.241,face3,110.86,90.47,4.6,110.86,90.47,4.6,0,0
18.265,face3,110.88,90.45,4.6,110.88,90.45,4.6,0,0
18.288,face3,110.90,90.47,4.5,110.90,90.47,4.5,0,0
18.312,face3,110.94,90.44,0.1,110.94,90.44,1.2,0,0
18.336,face3,110.97,90.45,1.1,110.97,90.45,1.1,0,0
18.359,face3,110.99,90.43,359.3,110.99,90.43,-0.3,0,0
18.382,face3,110.99,90.43,7.5,110.99,90.43,5.6,0,0
18.406,face3,110.98,90.44,8.9,110.98,90.44,8.1,0,0
18.430,face3,110.99,90.44,1.0,110.99,90.44,2.7,0,0
18.453,face3,110.98,90.44,3.4,110.98,90.44,3.2,0,0
18.477,face3,110.98,90.44,360.0,110.98,90.44,0.7,0,0
18.500,face3,110.98,90.44,0.6,110.98,90.44,0.7,0,0
18.524,face3,110.94,90.45,4.3,110.94,90.45,3.4,0,0
18.548,face3,110.93,90.44,4.1,110.93,90.44,3.9,0,0
18.571,face3,110.91,90.46,5.1,110.91,90.46,4.8,0,0
18.595,face3,110.90,90.45,4.5,110.90,90.45,4.6,0,0
18.619,face3,110.88,90.47,4.9,110.88,90.47,4.8,0,0
18.642,face3,110.88,90.47,3.9,110.88,90.47,4.1,0,0
18.666,face3,110.90,90.46,4.6,110.90,90.46,4.5,0,0
18.689,face3,110.92,90.46,4.5,110.92,90.46,4.5,0,0
18.713,face3,110.92,90.45,6.2,110.92,90.45,5.8,0,0
18.737,face3,110.93,90.44,8.1,110.93,90.44,7.5,0,0
18.761,face3,110.95,90.44,358.3,110.95,90.44,0.5,0,0
18.784,face3,110.96,90.45,0.5,110.96,90.45,0.5,0,0
18.808,face3,110.98,90.44,2.8,110.98,90.44,2.2,0,0
18.832,face3,110.98,90.44,0.2,110.98,90.44,0.7,0,0
18.856,pulse3,110.98,90.45,7.4,110.98,90.45,5.8,25,221.3073744119462
18.879,pulse3,110.98,90.45,359.4,110.98,90.45,1.0,25,221.3073744119462
18.903,pulse3,110.98,90.45,8.9,110.98,90.45,7.0,25,221.3073744119462
18.926,pulse3,110.96,90.44,2.7,110.96,90.44,3.7,25,221.3073744119462
18.950,pulse3,110.94,90.45,4.6,110.94,90.45,4.4,25,221.3073744119462
18.973,pulse3,110.93,90.45,4.8,110.93,90.45,4.7,25,221.3073744119462
18.997,pulse3,110.91,90.45,4.6,110.91,90.45,4.6,25,221.3073744119462
19.021,pulse3,110.90,90.46,5.3,110.90,90.46,5.1,25,221.3073744119462
19.044,pulse3,110.91,90.45,5.2,110.91,90.45,5.2,25,221.3073744119462
19.068,pulse3,110.91,90.44,4.0,110.91,90.44,4.3,25,221.3073744119462
19.091,pulse3,110.92,90.44,4.4,110.92,90.44,4.3,25,221.3073744119462
19.116,pulse3,110.93,90.45,3.4,110.93,90.45,3.7,25,221.3073744119462
19.139,pulse3,110.94,90.45,4.4,110.94,90.45,4.2,25,221.3073744119462
19.163,pulse3,110.95,90.44,3.0,110.95,90.44,3.3,25,221.3073744119462
19.186,pulse3,110.96,90.44,359.4,110.96,90.44,0.4,25,221.3073744119462
19.210,pulse3,110.95,90.44,359.6,110.95,90.44,-0.2,25,221.3073744119462
19.233,pulse3,110.96,90.45,359.0,110.96,90.45,-0.8,25,221.3073744119462
19.256,pulse3,110.96,90.43,7.6,110.96,90.43,5.6,25,221.3073744119462
19.280,pulse3,110.96,90.45,359.6,110.96,90.45,1.0,25,221.3073744119462
19.303,pulse3,110.94,90.45,3.4,110.94,90.45,2.8,25,221.3073744119462
19.327,pulse3,110.94,90.45,2.5,110.94,90.45,2.6,25,221.3073744119462
19.350,pulse3,110.93,90.45,3.7,110.93,90.45,3.4,25,221.3073744119462
19.374,pulse3,110.94,90.44,3.2,110.94,90.44,3.3,25,221.3073744119462
19.397,pulse3,110.91,90.45,4.5,110.91,90.45,4.2,25,221.3073744119462
19.421,pulse3,110.91,90.45,5.2,110.91,90.45,4.9,25,221.3073744119462
19.444,pulse3,110.92,90.45,4.7,110.92,90.45,4.7,25,221.3073744119462
19.468,pulse3,110.92,90.44,3.6,110.92,90.44,3.9,25,221.3073744119462
19.492,pulse3,110.93,90.45,4.6,110.93,90.45,4.4,25,221.3073744119462
19.515,pulse3,110.91,90.45,4.0,110.91,90.45,4.1,25,221.3073744119462
19.538,pulse3,110.94,90.44,4.1,110.94,90.44,4.1,25,221.3073744119462
19.563,pulse3,110.94,90.45,3.9,110.94,90.45,3.9,25,221.3073744119462
19.586,pulse3,110.93,90.45,4.7,110.93,90.45,4.5,25,221.3073744119462
19.610,pulse3,110.92,90.44,8.3,110.92,90.44,7.4,25,221.3073744119462
19.633,pulse3,110.93,90.44,5.6,110.93,90.44,6.0,25,221.3073744119462
19.657,settle3,110.97,90.42,7.0,110.97,90.42,6.8,0,0
19.681,settle3,110.98,90.43,6.7,110.98,90.43,6.7,0,0
19.705,settle3,111.00,90.43,10.5,111.00,90.43,9.6,0,0
19.728,settle3,111.06,90.38,7.6,111.06,90.38,8.1,0,0
19.752,settle3,111.07,90.38,7.9,111.07,90.38,7.9,0,0
19.776,settle3,111.10,90.40,3.1,111.10,90.40,4.3,0,0
19.800,settle3,111.13,90.40,5.7,111.13,90.40,5.4,0,0
19.824,settle3,111.18,90.42,3.1,111.18,90.42,3.6,0,0
19.847,settle3,111.22,90.42,6.1,111.22,90.42,5.5,0,0
19.871,settle3,111.27,90.44,7.3,111.27,90.44,6.9,0,0
19.894,settle3,111.38,90.40,6.7,111.38,90.40,6.7,0,0
19.918,settle3,111.41,90.40,8.0,111.41,90.40,7.7,0,0
19.941,settle3,111.51,90.38,6.7,111.51,90.38,6.9,0,0
19.965,settle3,111.55,90.36,4.5,111.55,90.36,5.1,0,0
19.989,settle3,111.71,90.41,5.6,111.71,90.41,5.5,0,0
20.012,settle3,111.77,90.40,6.5,111.77,90.40,6.3,0,0
20.036,settle3,111.82,90.41,4.9,111.82,90.41,5.2,0,0
20.059,settle3,112.02,90.43,7.1,112.02,90.43,6.6,0,0
20.082,settle3,112.13,90.44,6.2,112.13,90.44,6.3,0,0
20.106,settle3,112.21,90.45,6.0,112.21,90.45,6.1,0,0
20.130,settle3,112.46,90.43,8.0,112.46,90.43,7.5,0,0
20.153,settle3,112.58,90.44,6.4,112.58,90.44,6.7,0,0
20.177,settle3,112.92,90.41,5.4,112.92,90.41,5.7,0,0
20.201,settle3,113.11,90.41,5.8,113.11,90.41,5.8,0,0
20.224,settle3,113.30,90.39,10.9,113.30,90.39,9.7,0,0
20.248,settle3,113.57,90.40,9.8,113.57,90.40,9.8,0,0
20.271,settle3,113.74,90.42,4.1,113.74,90.42,5.5,0,0
20.295,settle3,114.10,90.44,5.0,114.10,90.44,5.2,0,0
20.318,settle3,114.28,90.42,10.5,114.28,90.42,9.2,0,0
20.343,settle3,114.63,90.43,7.7,114.63,90.43,8.0,0,0
20.366,settle3,114.83,90.45,11.6,114.83,90.45,10.7,0,0
20.390,settle3,115.23,90.48,10.5,115.23,90.48,10.6,0,0
20.413,settle3,115.39,90.49,8.5,115.39,90.49,9.0,0,0
20.437,settle3,115.60,90.50,11.5,115.60,90.50,10.9,0,0
20.461,settle3,116.05,90.52,12.4,116.04,90.52,12.0,0,0
20.485,settle3,116.21,90.54,12.9,116.21,90.54,12.7,0,0
20.508,settle3,116.42,90.61,13.4,116.42,90.61,13.2,0,0
20.532,settle3,116.75,90.71,12.6,116.74,90.71,12.8,0,0
20.555,settle3,116.88,90.85,5.7,116.87,90.85,7.4,0,0
20.579,settle3,117.17,90.89,12.0,117.17,90.89,10.9,0,0
20.602,settle3,117.29,90.92,7.5,117.29,90.92,8.3,0,0
20.626,settle3,117.43,90.85,12.9,117.43,90.85,11.8,0,0
20.649,settle3,117.49,90.78,4.0,117.49,90.78,5.9,0,0
20.673,settle3,117.53,90.69,8.4,117.53,90.69,7.8,0,0
20.696,settle3,117.55,90.64,7.1,117.55,90.64,7.3,0,0
20.720,settle3,117.56,90.62,8.2,117.56,90.62,8.0,0,0
20.743,settle3,117.54,90.64,5.6,117.54,90.64,6.2,0,0
20.767,settle3,117.53,90.63,12.3,117.53,90.63,10.8,0,0
20.790,settle3,117.50,90.69,12.1,117.50,90.69,11.8,0,0
20.813,settle3,117.44,90.77,11.6,117.44,90.77,11.7,0,0
20.837,settle3,117.36,90.84,5.1,117.36,90.84,6.7,0,0
20.861,settle3,117.21,90.90,9.9,117.21,90.90,9.1,0,0
20.884,settle3,117.12,90.90,9.5,117.12,90.90,9.4,0,0
20.908,settle3,117.04,90.85,10.4,117.04,90.85,10.1,0,0
20.931,settle3,116.90,90.76,11.9,116.90,90.76,11.5,0,0
20.955,settle3,116.80,90.73,13.7,116.80,90.73,13.2,0,0
20.978,settle3,116.68,90.72,11.6,116.68,90.72,12.0,0,0
21.002,settle3,116.60,90.74,8.4,116.60,90.74,9.3,0,0
21.026,settle3,116.41,90.82,12.7,116.41,90.82,11.9,0,0
21.049,settle3,116.36,90.82,13.0,116.36,90.82,12.7,0,0
21.073,settle3,116.15,90.78,7.7,116.15,90.78,8.9,0,0
21.097,settle3,116.08,90.71,8.9,116.08,90.71,8.9,0,0
21.121,settle3,116.05,90.68,9.3,116.05,90.68,9.2,0,0
21.144,settle3,115.95,90.65,11.0,115.95,90.65,10.6,0,0
21.168,settle3,115.91,90.65,11.7,115.91,90.65,11.4,0,0
21.191,settle3,115.91,90.64,11.2,115.91,90.64,11.2,0,0
21.215,settle3,115.89,90.66,11.2,115.89,90.66,11.2,0,0
21.238,settle3,115.92,90.68,11.4,115.92,90.68,11.4,0,0
21.262,settle3,115.97,90.74,12.9,115.97,90.74,12.6,0,0
21.285,settle3,116.01,90.80,14.6,116.01,90.80,14.1,0,0
21.308,settle3,116.10,90.78,11.2,116.10,90.78,11.9,0,0
21.332,settle3,116.16,90.74,10.7,116.16,90.74,11.0,0,0
21.355,settle3,116.23,90.72,11.0,116.23,90.72,11.0,0,0
21.379,settle3,116.40,90.70,11.5,116.40,90.70,11.4,0,0
21.402,settle3,116.43,90.73,11.0,116.43,90.73,11.1,0,0
21.426,settle3,116.43,90.81,7.9,116.43,90.81,8.7,0,0
21.449,settle3,116.44,90.84,12.5,116.44,90.84,11.5,0,0
21.472,settle3,116.45,90.83,13.3,116.45,90.83,12.9,0,0
21.496,settle3,116.42,90.80,12.0,116.42,90.80,12.2,0,0
21.519,settle3,116.40,90.74,11.4,116.40,90.74,11.6,0,0
21.543,settle3,116.28,90.72,12.4,116.28,90.72,12.2,0,0
21.567,settle3,116.22,90.71,11.3,116.22,90.71,11.5,0,0
21.590,settle3,116.18,90.71,11.1,116.18,90.71,11.2,0,0
21.613,settle3,116.10,90.75,10.7,116.10,90.75,10.8,0,0
21.637,settle3,116.07,90.75,10.0,116.07,90.75,10.2,0,0
21.660,settle3,116.05,90.76,10.6,116.05,90.76,10.5,0,0
21.684,settle3,116.05,90.75,9.4,116.05,90.75,9.7,0,0
21.708,settle3,116.05,90.75,4.7,116.05,90.75,5.9,0,0
21.731,settle3,116.06,90.73,8.5,116.06,90.73,7.8,0,0
21.754,settle3,116.07,90.73,8.9,116.07,90.73,8.6,0,0
21.778,settle3,116.12,90.72,7.2,116.12,90.72,7.6,0,0
21.802,settle3,116.17,90.74,13.6,116.17,90.74,12.1,0,0
21.826,settle3,116.23,90.75,11.2,116.23,90.75,11.4,0,0
21.849,settle3,116.26,90.77,11.8,116.26,90.77,11.7,0,0
21.873,settle3,116.30,90.74,13.1,116.30,90.74,12.8,0,0
21.896,settle3,116.41,90.75,10.9,116.41,90.75,11.4,0,0
21.919,settle3,116.41,90.75,12.3,116.41,90.75,12.1,0,0
21.943,settle3,116.39,90.80,13.4,116.39,90.80,13.1,0,0
21.966,settle3,116.36,90.77,12.8,116.36,90.77,12.9,0,0
21.990,settle3,116.32,90.79,11.8,116.32,90.79,12.0,0,0
22.013,settle3,116.24,90.75,13.8,116.24,90.75,13.4,0,0
22.036,settle3,116.24,90.73,11.0,116.24,90.73,11.6,0,0
22.060,settle3,116.20,90.73,10.3,116.20,90.73,10.6,0,0
22.083,settle3,116.19,90.72,11.2,116.19,90.72,11.1,0,0
22.107,settle3,116.18,90.73,12.4,116.18,90.73,12.1,0,0
22.131,settle3,116.20,90.77,12.0,116.20,90.77,12.1,0,0
22.154,settle3,116.19,90.74,12.0,116.19,90.74,12.0,0,0
22.177,face4,116.23,90.76,12.6,116.23,90.76,12.5,0,0
22.201,face4,116.26,90.75,12.7,116.26,90.75,12.6,0,0
22.224,face4,116.33,90.75,12.8,116.33,90.75,12.7,0,0
22.248,face4,116.34,90.76,13.9,116.34,90.76,13.6,0,0
22.272,face4,116.34,90.78,14.0,116.34,90.78,13.9,0,0
22.295,face4,116.33,90.80,12.8,116.33,90.80,13.1,0,0
22.319,face4,116.30,90.77,13.2,116.30,90.77,13.2,0,0
22.343,face4,116.27,90.75,11.8,116.27,90.75,12.1,0,0
22.367,face4,116.25,90.74,12.2,116.25,90.74,12.2,0,0
22.390,face4,116.24,90.76,12.0,116.24,90.76,12.1,0,0
22.414,face4,116.23,90.77,12.6,116.23,90.77,12.5,0,0
22.438,face4,116.24,90.77,14.2,116.24,90.77,13.8,0,0
22.461,face4,116.26,90.77,12.5,116.26,90.77,12.8,0,0
22.485,face4,116.26,90.76,13.9,116.26,90.76,13.6,0,0
22.508,face4,116.29,90.77,14.1,116.29,90.77,14.0,0,0
22.532,face4,116.32,90.77,12.1,116.32,90.77,12.6,0,0
22.555,face4,116.29,90.77,13.3,116.29,90.77,13.1,0,0
22.579,face4,116.30,90.78,12.3,116.30,90.78,12.5,0,0
22.602,face4,116.29,90.79,12.6,116.29,90.79,12.5,0,0
22.625,face4,116.26,90.78,13.0,116.26,90.78,12.9,0,0
22.649,face4,116.26,90.75,13.1,116.26,90.75,13.1,0,0
22.672,face4,116.24,90.77,12.1,116.24,90.77,12.3,0,0
22.696,face4,116.27,90.76,11.9,116.27,90.76,12.0,0,0
22.720,face4,116.26,90.75,13.2,116.26,90.75,12.9,0,0
22.743,face4,116.28,90.76,13.3,116.28,90.76,13.2,0,0
22.767,face4,116.28,90.78,11.6,116.28,90.78,12.0,0,0
22.791,face4,116.28,90.76,13.8,116.28,90.76,13.4,0,0
22.815,face4,116.28,90.77,12.2,116.28,90.77,12.5,0,0
22.838,face4,116.28,90.78,12.1,116.28,90.78,12.2,0,0
22.862,face4,116.26,90.77,12.8,116.26,90.77,12.6,0,0
22.885,face4,116.28,90.77,13.6,116.28,90.77,13.4,0,0
22.908,face4,116.26,90.74,11.5,116.26,90.74,11.9,0,0
22.932,face4,116.28,90.76,12.7,116.28,90.76,12.5,0,0
22.955,face4,116.27,90.76,13.7,116.27,90.76,13.4,0,0
22.979,face4,116.29,90.78,13.2,116.29,90.78,13.3,0,0
23.003,face4,116.28,90.77,14.6,116.28,90.77,14.2,0,0
23.027,face4,116.27,90.77,13.3,116.27,90.77,13.5,0,0
23.050,face4,116.27,90.77,13.2,116.27,90.77,13.3,0,0
23.075,face4,116.28,90.77,12.6,116.28,90.77,12.8,0,0
23.099,face4,116.25,90.76,12.6,116.25,90.76,12.6,0,0
23.124,face4,116.28,90.76,11.9,116.28,90.76,12.3,0,0
23.149,face4,116.27,90.78,13.5,116.27,90.78,13.2,0,0
23.174,face4,116.28,90.77,13.5,116.28,90.77,13.5,0,0
23.199,face4,116.28,90.77,12.8,116.28,90.77,12.9,0,0
23.223,face4,116.27,90.77,13.8,116.27,90.77,13.6,0,0
23.247,face4,116.27,90.77,14.6,116.27,90.77,14.3,0,0
23.270,face4,116.28,90.76,14.6,116.28,90.76,14.5,0,0
23.294,face4,116.26,90.75,12.6,116.26,90.75,13.1,0,0
23.318,face4,116.27,90.76,10.9,116.27,90.76,11.4,0,0
23.342,face4,116.26,90.77,13.2,116.26,90.77,12.8,0,0
23.366,face4,116.27,90.78,12.6,116.27,90.78,12.6,0,0
23.390,face4,116.27,90.77,13.3,116.27,90.77,13.1,0,0
23.414,face4,116.28,90.80,13.8,116.28,90.80,13.6,0,0
23.438,face4,116.28,90.77,11.9,116.28,90.77,12.3,0,0
23.462,face4,116.27,90.76,14.2,116.27,90.76,13.7,0,0
23.486,face4,116.28,90.76,14.3,116.28,90.76,14.2,0,0
23.510,pulse4,116.28,90.78,11.8,116.28,90.78,12.4,25,219.6020342630787
23.534,pulse4,116.27,90.76,12.1,116.27,90.76,12.2,25,219.6020342630787
23.558,pulse4,116.28,90.77,12.7,116.28,90.77,12.6,25,219.6020342630787
23.582,pulse4,116.28,90.78,13.2,116.28,90.78,13.1,25,219.6020342630787
23.606,pulse4,116.27,90.76,13.1,116.27,90.76,13.1,25,219.6020342630787
23.630,pulse4,116.28,90.76,11.5,116.28,90.76,11.9,25,219.6020342630787
23.654,pulse4,116.27,90.76,12.9,116.27,90.76,12.7,25,219.6020342630787
23.678,pulse4,116.26,90.77,12.6,116.26,90.77,12.6,25,219.6020342630787
23.702,pulse4,116.27,90.78,13.5,116.27,90.78,13.3,25,219.6020342630787
23.726,pulse4,116.27,90.75,13.5,116.27,90.75,13.4,25,219.6020342630787
23.750,pulse4,116.27,90.76,14.0,116.27,90.76,13.9,25,219.6020342630787
23.774,pulse4,116.28,90.77,12.4,116.28,90.77,12.8,25,219.6020342630787
23.798,pulse4,116.27,90.77,11.9,116.27,90.77,12.1,25,219.6020342630787
23.822,pulse4,116.28,90.77,12.7,116.28,90.77,12.6,25,219.6020342630787
23.846,pulse4,116.28,90.76,13.1,116.28,90.76,12.9,25,219.6020342630787
23.870,pulse4,116.27,90.75,14.0,116.27,90.75,13.7,25,219.6020342630787
23.894,pulse4,116.28,90.77,12.3,116.28,90.77,12.6,25,219.6020342630787
23.918,pulse4,116.27,90.76,11.7,116.27,90.76,11.9,25,219.6020342630787
23.942,pulse4,116.27,90.76,14.3,116.27,90.76,13.7,25,219.6020342630787
23.966,pulse4,116.27,90.77,13.0,116.27,90.77,13.2,25,219.6020342630787
23.990,pulse4,116.28,90.76,12.8,116.28,90.76,12.9,25,219.6020342630787
24.014,pulse4,116.29,90.78,12.7,116.29,90.78,12.8,25,219.6020342630787
24.038,pulse4,116.27,90.78,13.2,116.27,90.78,13.1,25,219.6020342630787
24.062,pulse4,116.27,90.77,12.5,116.27,90.77,12.7,25,219.6020342630787
24.086,pulse4,116.28,90.76,12.0,116.28,90.76,12.2,25,219.6020342630787
24.110,pulse4,116.27,90.77,13.6,116.27,90.77,13.2,25,219.6020342630787
24.134,pulse4,116.27,90.77,13.0,116.27,90.77,13.0,25,219.6020342630787
24.157,pulse4,116.27,90.76,13.8,116.27,90.76,13.6,25,219.6020342630787
24.182,settle4,116.28,90.77,12.6,116.28,90.77,12.8,0,0
24.206,settle4,116.26,90.77,13.5,116.26,90.77,13.3,0,0
24.230,settle4,116.28,90.77,10.8,116.28,90.77,11.4,0,0
24.254,settle4,116.27,90.78,13.1,116.27,90.78,12.7,0,0
24.278,settle4,116.28,90.79,12.6,116.28,90.79,12.6,0,0
24.302,settle4,116.28,90.78,12.8,116.28,90.78,12.8,0,0
24.325,settle4,116.29,90.78,13.2,116.29,90.78,13.1,0,0
24.349,settle4,116.28,90.76,13.7,116.28,90.76,13.5,0,0
24.374,settle4,116.26,90.76,13.6,116.26,90.76,13.6,0,0
24.398,settle4,116.27,90.77,12.5,116.27,90.77,12.7,0,0
24.422,settle4,116.26,90.76,12.7,116.26,90.76,12.7,0,0
24.446,settle4,116.29,90.77,14.3,116.29,90.77,13.9,0,0
24.470,settle4,116.27,90.76,12.2,116.27,90.76,12.6,0,0
24.493,settle4,116.27,90.76,12.7,116.27,90.76,12.7,0,0
24.517,settle4,116.29,90.77,13.3,116.29,90.77,13.2,0,0
24.541,settle4,116.28,90.77,12.4,116.29,90.77,12.6,0,0
24.565,settle4,116.27,90.75,13.1,116.27,90.75,13.0,0,0
24.589,settle4,116.29,90.78,14.4,116.29,90.78,14.0,0,0
24.613,settle4,116.28,90.78,12.4,116.28,90.78,12.8,0,0
24.637,settle4,116.28,90.78,12.3,116.28,90.78,12.4,0,0
24.661,settle4,116.29,90.77,10.7,116.29,90.77,11.1,0,0
24.684,settle4,116.28,90.77,13.1,116.28,90.77,12.6,0,0
24.709,settle4,116.27,90.78,11.6,116.27,90.78,11.8,0,0
24.733,settle4,116.27,90.76,11.6,116.27,90.76,11.7,0,0
24.757,settle4,116.28,90.75,10.2,116.28,90.75,10.5,0,0
24.781,settle4,116.27,90.76,11.4,116.27,90.76,11.2,0,0
24.805,settle4,116.28,90.77,10.9,116.28,90.77,11.0,0,0
24.829,settle4,116.27,90.75,12.6,116.27,90.75,12.2,0,0
24.853,settle4,116.24,90.75,12.2,116.24,90.75,12.2,0,0
24.877,settle4,116.25,90.76,10.7,116.25,90.76,11.0,0,0
24.901,settle4,116.24,90.74,12.3,116.24,90.74,12.0,0,0
24.925,settle4,116.22,90.75,10.4,116.22,90.75,10.8,0,0
24.949,settle4,116.23,90.76,10.3,116.23,90.76,10.4,0,0
24.973,settle4,116.25,90.74,13.9,116.25,90.74,13.1,0,0
24.997,settle4,116.26,90.74,11.4,116.26,90.74,11.8,0,0
25.021,settle4,116.25,90.75,9.5,116.25,90.75,10.1,0,0
25.045,settle4,116.26,90.73,10.4,116.26,90.73,10.3,0,0
25.069,settle4,116.27,90.73,9.9,116.27,90.73,10.0,0,0
25.093,settle4,116.24,90.77,10.0,116.24,90.77,10.0,0,0
25.118,settle4,116.23,90.76,5.9,116.23,90.76,6.9,0,0
25.142,settle4,116.24,90.75,4.4,116.24,90.75,5.0,0,0
25.167,settle4,116.23,90.78,5.6,116.23,90.78,5.5,0,0
25.191,settle4,116.23,90.78,5.2,116.23,90.78,5.3,0,0
25.215,settle4,116.25,90.77,1.9,116.25,90.77,2.7,0,0
25.240,settle4,116.25,90.77,4.5,116.25,90.77,4.1,0,0
25.264,settle4,116.26,90.77,8.1,116.26,90.77,7.1,0,0
25.288,settle4,116.26,90.75,10.3,116.26,90.75,9.5,0,0
25.312,settle4,116.28,90.76,7.1,116.28,90.76,7.7,0,0
25.336,settle4,116.29,90.76,9.0,116.29,90.76,8.7,0,0
25.360,settle4,116.29,90.75,7.4,116.29,90.75,7.7,0,0
25.384,settle4,116.30,90.75,2.7,116.30,90.75,3.9,0,0
25.408,settle4,116.32,90.75,359.8,116.32,90.75,0.8,0,0
25.431,settle4,116.31,90.76,9.5,116.31,90.76,7.4,0,0
25.455,settle4,116.33,90.77,5.8,116.33,90.77,6.2,0,0
25.479,settle4,116.35,90.78,13.8,116.35,90.78,12.0,0,0
25.503,settle4,116.35,90.78,11.9,116.35,90.78,11.9,0,0
25.527,settle4,116.36,90.77,7.0,116.36,90.77,8.2,0,0
25.551,settle4,116.38,90.78,6.7,116.38,90.78,7.0,0,0
25.575,settle4,116.40,90.77,8.3,116.40,90.77,8.0,0,0
25.599,settle4,116.45,90.78,4.5,116.45,90.78,5.3,0,0
25.623,settle4,116.47,90.76,6.4,116.47,90.76,6.2,0,0
25.647,settle4,116.51,90.77,6.2,116.51,90.77,6.2,0,0
25.671,settle4,116.55,90.81,4.8,116.55,90.81,5.2,0,0
25.695,settle4,116.61,90.80,4.1,116.61,90.80,4.3,0,0
25.719,settle4,116.72,90.77,7.2,116.72,90.77,6.6,0,0
25.743,settle4,116.81,90.77,5.5,116.81,90.77,5.8,0,0
25.767,settle4,116.96,90.76,6.9,116.96,90.76,6.6,0,0
25.791,settle4,117.10,90.74,6.7,117.10,90.74,6.7,0,0
25.815,settle4,117.22,90.72,4.8,117.22,90.72,5.3,0,0
25.839,settle4,117.30,90.71,7.8,117.30,90.71,7.2,0,0
25.862,settle4,117.47,90.73,8.3,117.47,90.72,8.0,0,0
25.887,settle4,117.51,90.71,3.9,117.51,90.71,4.9,0,0
25.911,settle4,117.58,90.72,5.6,117.58,90.72,5.5,0,0
25.935,settle4,117.70,90.73,9.2,117.70,90.73,8.3,0,0
25.959,settle4,117.76,90.75,10.7,117.76,90.75,10.1,0,0
25.983,settle4,117.80,90.72,12.6,117.80,90.72,12.0,0,0
26.007,settle4,117.79,90.74,8.2,117.79,90.74,9.1,0,0
26.033,settle4,117.81,90.78,8.2,117.81,90.78,8.4,0,0
26.057,settle4,117.80,90.76,10.0,117.80,90.76,9.6,0,0
26.081,settle4,117.75,90.78,5.1,117.75,90.78,6.2,0,0
26.105,settle4,117.68,90.76,6.2,117.68,90.76,6.2,0,0
26.130,settle4,117.64,90.75,7.0,117.64,90.75,6.8,0,0
26.155,settle4,117.50,90.72,4.1,117.50,90.72,4.7,0,0
26.179,settle4,117.49,90.71,8.8,117.49,90.71,7.8,0,0
26.203,settle4,117.38,90.75,7.5,117.38,90.75,7.6,0,0
26.227,settle4,117.31,90.74,8.7,117.31,90.74,8.5,0,0
26.251,settle4,117.17,90.77,4.0,117.17,90.77,5.1,0,0
26.275,settle4,117.14,90.76,3.5,117.14,90.76,3.8,0,0
26.299,settle4,117.07,90.75,4.9,117.07,90.75,4.7,0,0
26.324,settle4,116.97,90.78,5.2,116.97,90.78,5.1,0,0
26.348,settle4,116.89,90.78,5.4,116.89,90.78,5.4,0,0
26.372,settle4,116.85,90.77,6.1,116.85,90.77,5.9,0,0
26.397,settle4,116.84,90.78,8.8,116.84,90.78,8.2,0,0
26.421,settle4,116.82,90.78,5.2,116.82,90.78,5.9,0,0
26.446,settle4,116.84,90.79,4.0,116.84,90.79,4.5,0,0
26.469,settle4,116.88,90.78,4.9,116.88,90.78,4.8,0,0
26.493,settle4,116.92,90.79,5.8,116.92,90.79,5.5,0,0
26.517,settle4,117.00,90.76,5.6,117.00,90.76,5.6,0,0
26.541,settle4,117.10,90.74,8.2,117.10,90.74,7.6,0,0
26.565,settle4,117.14,90.76,7.3,117.14,90.76,7.4,0,0
26.589,settle4,117.16,90.75,3.0,117.16,90.75,4.1,0,0
26.614,settle4,117.17,90.78,4.8,117.17,90.78,4.6,0,0
26.638,settle4,117.23,90.75,7.0,117.23,90.75,6.4,0,0
26.662,settle4,117.26,90.76,7.7,117.26,90.76,7.4,0,0
26.686,face5,117.33,90.73,8.1,117.33,90.73,7.9,0,0
26.710,face5,117.37,90.75,5.0,117.37,90.75,5.7,0,0
26.735,face5,117.43,90.75,6.7,117.43,90.75,6.5,0,0
26.759,face5,117.45,90.74,12.4,117.45,90.74,11.0,0,0
26.783,face5,117.47,90.75,7.1,117.47,90.75,8.1,0,0
26.807,face5,117.48,90.74,11.1,117.48,90.74,10.4,0,0
26.831,face5,117.48,90.75,8.1,117.48,90.75,8.7,0,0
26.855,face5,117.48,90.74,9.2,117.48,90.74,9.1,0,0
26.879,face5,117.48,90.75,10.1,117.48,90.75,9.8,0,0
26.903,face5,117.47,90.74,5.6,117.47,90.74,6.6,0,0
26.927,face5,117.47,90.75,7.9,117.47,90.75,7.6,0,0
26.951,face5,117.45,90.75,5.0,117.45,90.75,5.6,0,0
26.975,face5,117.44,90.77,10.9,117.44,90.77,9.7,0,0
26.999,face5,117.42,90.75,6.6,117.42,90.75,7.4,0,0
27.023,face5,117.39,90.76,7.8,117.39,90.76,7.7,0,0
27.047,face5,117.37,90.76,4.5,117.37,90.76,5.3,0,0
27.072,face5,117.34,90.74,6.4,117.34,90.74,6.1,0,0
27.095,face5,117.32,90.71,6.0,117.32,90.71,6.0,0,0
27.120,face5,117.29,90.72,8.1,117.29,90.72,7.6,0,0
27.145,face5,117.29,90.72,8.3,117.29,90.72,8.1,0,0
27.169,face5,117.27,90.73,7.7,117.27,90.73,7.8,0,0
27.193,face5,117.26,90.73,6.6,117.26,90.73,6.9,0,0
27.217,face5,117.26,90.75,6.7,117.26,90.75,6.7,0,0
27.241,face5,117.27,90.76,7.2,117.27,90.76,7.1,0,0
27.265,face5,117.25,90.74,6.7,117.25,90.74,6.8,0,0
27.290,face5,117.27,90.74,7.7,117.27,90.74,7.9,0,0
27.314,face5,117.27,90.74,7.4,117.27,90.74,7.5,0,0
27.338,face5,117.28,90.75,7.5,117.28,90.75,7.5,0,0
27.362,face5,117.28,90.74,8.0,117.28,90.74,7.9,0,0
27.386,face5,117.30,90.75,6.4,117.30,90.75,6.8,0,0
27.411,face5,117.30,90.74,6.6,117.30,90.74,6.7,0,0
27.435,face5,117.32,90.75,7.2,117.32,90.75,7.0,0,0
27.459,face5,117.33,90.73,6.8,117.33,90.73,6.9,0,0
27.483,face5,117.32,90.75,8.7,117.32,90.75,8.3,0,0
27.507,face5,117.33,90.75,7.5,117.33,90.75,7.7,0,0
27.531,face5,117.33,90.74,7.4,117.33,90.74,7.5,0,0
27.555,face5,117.31,90.73,5.3,117.31,90.73,5.8,0,0
27.579,face5,117.30,90.74,5.6,117.30,90.74,5.6,0,0
27.603,face5,117.29,90.74,5.7,117.29,90.74,5.7,0,0
27.627,face5,117.30,90.72,7.5,117.30,90.72,7.0,0,0
27.651,face5,117.31,90.74,7.9,117.31,90.74,7.7,0,0
27.675,face5,117.30,90.73,7.6,117.30,90.73,7.6,0,0
27.698,face5,117.29,90.74,7.5,117.29,90.74,7.5,0,0
27.723,face5,117.29,90.74,7.2,117.29,90.74,7.3,0,0
27.747,face5,117.30,90.75,7.6,117.30,90.75,7.5,0,0
27.771,face5,117.30,90.74,8.0,117.30,90.74,7.9,0,0
27.795,face5,117.31,90.73,7.9,117.31,90.73,7.9,0,0
27.819,face5,117.31,90.76,8.3,117.31,90.76,8.2,0,0
27.844,face5,117.31,90.74,7.7,117.31,90.74,7.8,0,0
27.868,face5,117.29,90.74,9.4,117.29,90.74,9.0,0,0
27.892,face5,117.31,90.76,6.7,117.31,90.76,7.3,0,0
27.916,face5,117.32,90.74,7.3,117.32,90.74,7.3,0,0
27.940,face5,117.30,90.73,7.7,117.30,90.73,7.6,0,0
27.963,face5,117.32,90.74,8.3,117.32,90.74,8.1,0,0
27.987,face5,117.29,90.75,8.5,117.29,90.75,8.4,0,0
28.012,pulse5,117.29,90.73,6.0,117.29,90.73,6.5,25,217.78657986993358
28.036,pulse5,117.29,90.75,8.1,117.29,90.75,7.7,25,217.78657986993358
28.059,pulse5,117.29,90.73,7.6,117.29,90.73,7.6,25,217.78657986993358
28.083,pulse5,117.29,90.74,8.1,117.29,90.74,8.0,25,217.78657986993358
28.108,pulse5,117.31,90.75,7.8,117.31,90.75,7.9,25,217.78657986993358
28.133,pulse5,117.30,90.73,8.7,117.30,90.73,8.5,25,217.78657986993358
28.157,pulse5,117.29,90.74,6.0,117.29,90.74,6.6,25,217.78657986993358
28.181,pulse5,117.30,90.74,7.4,117.30,90.74,7.2,25,217.78657986993358
28.205,pulse5,117.30,90.74,7.4,117.30,90.74,7.3,25,217.78657986993358
28.229,pulse5,117.30,90.73,8.5,117.30,90.73,8.2,25,217.78657986993358
28.253,pulse5,117.30,90.74,7.7,117.30,90.74,7.8,25,217.78657986993358
28.277,pulse5,117.29,90.75,6.9,117.29,90.75,7.1,25,217.78657986993358
28.302,pulse5,117.30,90.75,7.8,117.30,90.75,7.7,25,217.78657986993358
28.325,pulse5,117.31,90.74,8.1,117.31,90.74,8.0,25,217.78657986993358
28.350,pulse5,117.29,90.75,7.4,117.29,90.75,7.5,25,217.78657986993358
28.374,pulse5,117.29,90.75,6.9,117.29,90.75,7.1,25,217.78657986993358
28.398,pulse5,117.29,90.72,8.2,117.29,90.72,7.9,25,217.78657986993358
28.422,pulse5,117.29,90.75,9.8,117.29,90.75,9.4,25,217.78657986993358
28.446,pulse5,117.29,90.75,6.1,117.29,90.75,6.9,25,217.78657986993358
28.470,pulse5,117.29,90.74,7.7,117.29,90.74,7.5,25,217.78657986993358
28.495,pulse5,117.29,90.74,8.1,117.29,90.74,7.9,25,217.78657986993358
28.519,pulse5,117.30,90.75,8.2,117.30,90.75,8.1,25,217.78657986993358
28.543,pulse5,117.31,90.74,8.4,117.31,90.74,8.3,25,217.78657986993358
28.566,pulse5,117.31,90.75,7.2,117.31,90.75,7.5,25,217.78657986993358
28.590,pulse5,117.30,90.75,10.0,117.30,90.75,9.4,25,217.78657986993358
28.614,pulse5,117.29,90.75,9.0,117.29,90.75,9.1,25,217.78657986993358
28.639,pulse5,117.29,90.76,9.4,117.29,90.76,9.3,25,217.78657986993358
28.663,pulse5,117.30,90.75,8.4,117.30,90.75,8.6,25,217.78657986993358
28.688,pulse5,117.27,90.77,8.4,117.27,90.77,8.4,25,217.78657986993358
28.712,pulse5,117.28,90.74,7.6,117.28,90.74,7.8,25,217.78657986993358
28.736,pulse5,117.28,90.75,5.7,117.28,90.75,6.2,25,217.78657986993358
28.760,pulse5,117.27,90.74,8.3,117.27,90.74,7.8,25,217.78657986993358
28.784,pulse5,117.24,90.76,7.4,117.24,90.76,7.5,25,217.78657986993358
28.807,pulse5,117.25,90.77,6.3,117.25,90.77,6.6,25,217.78657986993358
28.831,settle5,117.25,90.76,9.6,117.25,90.76,8.9,0,0
28.856,settle5,117.24,90.76,5.9,117.24,90.76,6.6,0,0
28.880,settle5,117.24,90.77,5.2,117.24,90.77,5.5,0,0
28.903,settle5,117.23,90.77,8.3,117.23,90.77,7.6,0,0
28.927,settle5,117.23,90.77,5.5,117.23,90.77,6.0,0,0
28.951,settle5,117.23,90.76,9.1,117.23,90.76,8.3,0,0
28.977,settle5,117.25,90.76,7.9,117.25,90.76,8.0,0,0
29.001,settle5,117.23,90.77,9.6,117.23,90.77,9.2,0,0
29.025,settle5,117.23,90.77,6.5,117.23,90.77,7.2,0,0
29.049,settle5,117.24,90.77,9.2,117.24,90.77,8.7,0,0
29.073,settle5,117.24,90.77,11.4,117.24,90.77,10.8,0,0
29.097,settle5,117.25,90.76,10.2,117.25,90.76,10.3,0,0
29.122,settle5,117.29,90.77,9.8,117.29,90.77,9.9,0,0
29.146,settle5,117.31,90.80,10.8,117.31,90.80,10.6,0,0
29.169,settle5,117.36,90.77,13.4,117.36,90.77,12.7,0,0
29.193,settle5,117.39,90.76,12.0,117.39,90.76,12.2,0,0
29.217,settle5,117.45,90.75,10.4,117.45,90.75,10.8,0,0
29.241,settle5,117.50,90.75,9.4,117.50,90.75,9.8,0,0
29.266,settle5,117.53,90.74,8.6,117.53,90.74,8.9,0,0
29.290,settle5,117.61,90.74,10.1,117.61,90.74,9.8,0,0
29.314,settle5,117.64,90.74,10.7,117.64,90.74,10.5,0,0
29.338,settle5,117.70,90.74,12.5,117.70,90.74,12.0,0,0
29.362,settle5,117.75,90.72,12.5,117.75,90.72,12.4,0,0
29.386,settle5,117.85,90.74,14.9,117.85,90.74,14.3,0,0
29.410,settle5,117.89,90.75,11.4,117.89,90.75,12.1,0,0
29.434,settle5,117.99,90.76,12.3,117.99,90.76,12.2,0,0
29.458,settle5,118.15,90.77,10.6,118.15,90.77,11.0,0,0
29.482,settle5,118.21,90.76,10.2,118.21,90.76,10.4,0,0
29.506,settle5,118.39,90.75,14.1,118.39,90.75,13.2,0,0
29.530,settle5,118.52,90.76,12.4,118.52,90.76,12.6,0,0
29.554,settle5,118.75,90.77,15.8,118.74,90.77,15.0,0,0
29.578,settle5,118.85,90.75,9.3,118.85,90.75,10.7,0,0
29.602,settle5,118.95,90.78,11.7,118.95,90.78,11.4,0,0
29.626,settle5,119.15,90.85,12.5,119.15,90.85,12.3,0,0
29.650,settle5,119.26,90.86,10.7,119.26,90.86,11.0,0,0
29.674,settle5,119.50,90.85,10.1,119.50,90.85,10.3,0,0
29.699,settle5,119.66,90.87,9.7,119.66,90.87,9.8,0,0
29.723,settle5,119.85,90.83,16.2,119.85,90.83,14.7,0,0
29.747,settle5,120.02,90.89,8.9,120.02,90.89,10.2,0,0
29.771,settle5,120.25,90.92,8.0,120.25,90.92,8.5,0,0
29.795,settle5,120.34,90.93,12.6,120.34,90.93,11.6,0,0
29.820,settle5,120.41,90.97,12.0,120.41,90.97,11.9,0,0
29.843,settle5,120.66,91.05,5.8,120.66,91.05,7.3,0,0
29.868,settle5,120.89,91.07,7.4,120.89,91.07,7.3,0,0
29.891,settle5,121.00,91.08,9.5,121.00,91.08,9.0,0,0
29.915,settle5,121.16,91.10,10.6,121.16,91.10,10.2,0,0
29.939,settle5,121.34,91.13,8.9,121.34,91.13,9.3,0,0
29.963,settle5,121.44,91.13,5.7,121.44,91.13,6.6,0,0
29.987,settle5,121.60,91.14,10.5,121.59,91.14,9.5,0,0
30.011,settle5,121.67,91.17,7.9,121.67,91.17,8.3,0,0
30.035,settle5,121.71,91.21,9.7,121.71,91.21,9.4,0,0
30.059,settle5,121.71,91.24,8.4,121.71,91.24,8.6,0,0
30.083,settle5,121.69,91.23,6.7,121.69,91.23,7.1,0,0
30.107,settle5,121.63,91.23,6.6,121.63,91.23,6.7,0,0
30.132,settle5,121.57,91.20,11.6,121.57,91.20,10.5,0,0
30.156,settle5,121.44,91.19,9.1,121.44,91.19,9.4,0,0
30.180,settle5,121.38,91.14,6.5,121.38,91.14,7.2,0,0
30.205,settle5,121.24,91.09,6.1,121.24,91.09,6.3,0,0
30.229,settle5,121.18,91.05,7.5,121.18,91.05,7.2,0,0
30.253,settle5,121.02,91.08,8.3,121.02,91.08,8.1,0,0
30.277,settle5,120.95,91.08,9.5,120.95,91.08,9.2,0,0
30.301,settle5,120.91,91.08,9.5,120.91,91.08,9.4,0,0
30.325,settle5,120.80,91.10,10.4,120.80,91.10,10.1,0,0
30.349,settle5,120.75,91.10,12.2,120.75,91.10,11.7,0,0
30.373,settle5,120.69,91.07,12.1,120.69,91.07,12.0,0,0
30.397,settle5,120.65,91.05,8.6,120.65,91.05,9.4,0,0
30.421,settle5,120.56,91.00,7.5,120.56,91.00,7.9,0,0
30.445,settle5,120.51,90.99,6.0,120.51,90.99,6.5,0,0
30.470,settle5,120.45,91.01,10.3,120.45,91.01,9.4,0,0
30.494,settle5,120.42,91.06,11.3,120.42,91.06,10.8,0,0
30.518,settle5,120.41,91.02,12.3,120.41,91.02,11.9,0,0
30.543,settle5,120.39,91.03,12.4,120.39,91.03,12.3,0,0
30.567,settle5,120.44,91.00,14.7,120.44,91.00,14.1,0,0
30.591,settle5,120.45,91.01,8.7,120.45,91.01,10.0,0,0
30.615,settle5,120.47,91.01,13.4,120.47,91.01,12.5,0,0
30.639,settle5,120.53,91.02,6.9,120.53,91.02,8.3,0,0
30.663,settle5,120.58,91.02,8.2,120.58,91.02,8.3,0,0
30.687,settle5,120.61,91.07,6.0,120.61,91.07,6.5,0,0
30.712,settle5,120.62,91.06,5.9,120.62,91.06,6.0,0,0
30.736,settle5,120.63,91.06,8.2,120.63,91.06,7.6,0,0
30.760,settle5,120.65,91.07,9.0,120.65,91.07,8.7,0,0
30.784,settle5,120.64,91.07,7.9,120.64,91.07,8.1,0,0
30.808,settle5,120.61,91.06,6.5,120.61,91.06,6.9,0,0
30.832,settle5,120.58,91.03,7.6,120.58,91.03,7.4,0,0
30.857,settle5,120.57,91.02,5.8,120.57,91.02,6.2,0,0
30.881,settle5,120.53,91.01,8.3,120.53,91.01,7.8,0,0
30.905,settle5,120.49,91.01,7.2,120.49,91.01,7.3,0,0
30.930,settle5,120.47,91.02,8.9,120.47,91.02,8.6,0,0
30.954,settle5,120.46,91.01,0.4,120.46,91.01,2.3,0,0
30.977,settle5,120.45,91.04,9.5,120.45,91.04,7.8,0,0
31.001,settle5,120.47,91.02,12.7,120.47,91.02,11.5,0,0
31.025,settle5,120.50,91.02,13.4,120.50,91.02,13.0,0,0
31.049,settle5,120.51,91.02,11.1,120.51,91.02,11.6,0,0
31.073,settle5,120.54,91.03,7.9,120.54,91.03,8.8,0,0
31.098,settle5,120.56,91.01,7.8,120.56,91.01,8.0,0,0
31.123,settle5,120.58,91.03,7.7,120.58,91.03,7.7,0,0
31.147,settle5,120.59,91.02,9.0,120.59,91.02,8.7,0,0
31.170,settle5,120.59,91.04,8.0,120.59,91.04,8.2,0,0
31.195,settle5,120.59,91.04,8.1,120.59,91.04,8.1,0,0
31.219,settle5,120.55,91.03,7.3,120.55,91.03,7.5,0,0
31.243,settle5,120.55,91.02,6.4,120.55,91.02,6.7,0,0
31.267,settle5,120.52,91.03,8.5,120.52,91.03,8.0,0,0
31.291,settle5,120.51,91.01,359.5,120.51,91.01,1.6,0,0
31.316,settle5,120.51,91.01,13.9,120.51,91.01,11.0,0,0
