t,robot,speed,heading
1791234602.4600,SB-418F,70,0
1791234602.4969,SB-3660,70,0
1791234603.8361,SB-418F,0,0
1791234603.9070,SB-3660,0,0
1791234604.6528,SB-3660,70,90
1791234604.7861,SB-418F,70,90
1791234605.9017,SB-3660,0,90
1791234605.9407,SB-418F,0,90
1791234606.8615,SB-3660,70,180
1791234607.0943,SB-418F,70,180
1791234608.1206,SB-3660,0,180
1791234608.3555,SB-418F,0,180
1791234609.0671,SB-3660,70,270
1791234609.0743,SB-418F,70,270
1791234610.3189,SB-418F,0,270
1791234610.4775,SB-3660,0,270
1791234611.2609,SB-418F,60,0
1791234611.3349,SB-3660,60,0
1791234611.7759,SB-418F,60,15
1791234611.9464,SB-3660,60,15
1791234612.4049,SB-418F,60,60
1791234612.4823,SB-3660,60,75
1791234612.9290,SB-418F,60,150
1791234613.0215,SB-3660,60,165
1791234613.4680,SB-418F,60,210
1791234613.6569,SB-3660,60,240
1791234613.9803,SB-418F,60,300
1791234614.0948,SB-3660,60,315
1791234614.5052,SB-418F,60,30
1791234614.7485,SB-3660,60,45
1791234615.0334,SB-418F,60,105
1791234615.1698,SB-3660,60,120
1791234615.5736,SB-418F,60,180
1791234615.7731,SB-3660,60,210
1791234616.1906,SB-3660,60,225
1791234616.2010,SB-418F,60,225
1791234616.6321,SB-418F,60,240
1791234616.8495,SB-3660,60,240
1791234617.2431,SB-3660,60,255
1791234617.2660,SB-418F,60,255
1791234617.6878,SB-418F,60,270
1791234617.8731,SB-3660,60,270
1791234618.3423,SB-418F,60,285
1791234618.4107,SB-3660,60,285
1791234618.7659,SB-418F,60,300
1791234618.9381,SB-3660,60,300
1791234619.5010,SB-418F,60,315
1791234619.6093,SB-3660,60,315
1791234620.0018,SB-3660,60,330
1791234620.1458,SB-418F,60,330
1791234620.5655,SB-418F,60,345
1791234620.6332,SB-3660,60,345
1791234621.0657,SB-3660,0,0
1791234621.1957,SB-418F,0,0
1791234621.5775,SB-3660,120,0
1791234621.6308,SB-418F,120,0
1791234622.1300,SB-3660,0,0
1791234622.2622,SB-418F,0,0
1791234622.6409,SB-3660,120,90
1791234622.6801,SB-418F,120,90
1791234623.1684,SB-3660,0,90
1791234623.3105,SB-418F,0,90
1791234623.7380,SB-3660,120,180
1791234623.7776,SB-418F,120,180
1791234624.2614,SB-3660,0,180
1791234624.2998,SB-418F,0,180
1791234624.7200,SB-418F,120,270
1791234624.7838,SB-3660,120,270
1791234625.2764,SB-418F,0,270
1791234625.2994,SB-3660,0,270
