trial,frac,t,x,y,heading_deg,cmd_speed
1,0.5,0.027,117.01,31.19,359.6,50
1,0.5,0.052,117.01,31.19,354.6,50
1,0.5,0.077,117.01,31.19,8.1,50
1,0.5,0.102,117.01,31.18,11.2,50
1,0.5,0.128,117.01,31.17,11.4,50
1,0.5,0.153,117.00,31.18,359.9,50
1,0.5,0.179,117.02,31.17,10.8,50
1,0.5,0.204,117.02,31.17,357.0,50
1,0.5,0.230,117.00,31.20,358.6,50
1,0.5,0.255,117.01,31.20,10.9,50
1,0.5,0.280,117.01,31.18,9.9,50
1,0.5,0.310,117.02,31.17,10.8,50
1,0.5,0.336,117.02,31.16,9.7,50
1,0.5,0.361,117.02,31.16,359.4,50
1,0.5,0.387,117.02,31.19,10.6,50
1,0.5,0.412,117.01,31.18,358.2,50
1,0.5,0.437,117.01,31.19,9.8,50
1,0.5,0.462,117.02,31.16,6.3,50
1,0.5,0.488,117.03,31.17,10.5,50
1,0.5,0.514,117.01,31.17,0.5,50
1,0.5,0.539,117.00,31.19,357.8,50
1,0.5,0.564,117.02,31.18,9.1,50
1,0.5,0.590,117.01,31.18,358.8,50
1,0.5,0.615,117.01,31.19,12.0,50
1,0.5,0.640,117.00,31.17,10.2,50
1,0.5,0.665,117.01,31.19,11.1,50
1,0.5,0.691,117.02,31.17,358.6,50
1,0.5,0.716,117.01,31.19,9.9,50
1,0.5,0.742,117.01,31.18,355.1,50
1,0.5,0.767,117.00,31.20,11.8,50
1,0.5,0.792,117.01,31.16,10.7,50
1,0.5,0.818,117.02,31.17,9.7,50
1,0.5,0.844,117.01,31.16,10.8,50
1,0.5,0.869,117.03,31.17,11.6,50
1,0.5,0.894,117.04,31.19,15.0,50
1,0.5,0.920,117.05,31.21,9.4,50
1,0.5,0.945,117.14,31.19,9.9,50
1,0.5,0.970,117.15,31.18,8.0,50
1,0.5,0.996,117.29,31.18,17.5,50
1,0.5,1.021,117.37,31.15,4.4,50
1,0.5,1.046,117.70,31.16,6.9,50
1,0.5,1.072,117.84,31.16,7.3,50
1,0.5,1.097,118.20,31.13,7.5,50
1,0.5,1.122,118.42,31.14,4.6,50
1,0.5,1.148,118.77,31.09,0.5,50
1,0.5,1.173,119.02,31.06,1.0,50
1,0.5,1.198,119.63,31.13,0.1,50
1,0.5,1.224,119.97,31.12,1.7,50
1,0.5,1.249,120.57,31.11,359.2,50
1,0.5,1.274,120.89,31.12,359.5,50
1,0.5,1.301,121.50,31.13,1.3,50
1,0.5,1.326,121.80,31.12,2.3,50
1,0.5,1.351,122.40,31.14,3.8,50
1,0.5,1.377,122.66,31.21,4.1,50
1,0.5,1.403,123.47,31.28,9.6,50
1,0.5,1.428,123.87,31.31,11.4,50
1,0.5,1.453,124.71,31.50,8.3,50
1,0.5,1.478,125.65,31.74,6.2,50
1,0.5,1.503,126.15,31.86,8.0,50
1,0.5,1.529,127.07,32.11,4.2,50
1,0.5,1.555,127.57,32.21,6.2,50
1,0.5,1.580,128.68,32.51,5.7,50
1,0.5,1.605,129.22,32.65,4.5,50
1,0.5,1.630,130.34,32.78,0.4,50
1,0.5,1.655,130.85,32.88,2.7,50
1,0.5,1.681,131.94,33.00,7.8,50
1,0.5,1.706,132.54,33.06,15.2,50
1,0.5,1.731,133.66,33.15,8.4,50
1,0.5,1.757,134.25,33.26,11.9,50
1,0.5,1.782,135.43,33.43,3.7,50
1,0.5,1.807,136.04,33.49,0.5,50
1,0.5,1.833,137.19,33.56,358.4,50
1,0.5,1.857,137.80,33.57,359.9,50
1,0.5,1.883,138.97,33.52,349.4,50
1,0.5,1.908,139.58,33.44,359.2,50
1,0.5,1.933,140.77,33.29,338.3,50
1,0.5,1.958,141.36,33.17,0.8,50
1,0.5,1.984,142.57,32.94,24.0,50
1,0.5,2.011,143.17,32.87,7.7,50
1,0.5,2.037,144.25,32.77,0.1,50
1,0.5,2.063,144.82,32.71,358.6,50
1,0.5,2.088,145.92,32.70,0.6,50
1,0.5,2.113,146.51,32.70,3.4,50
1,0.5,2.139,147.60,32.84,7.7,50
1,0.5,2.164,148.68,33.08,9.8,50
1,0.5,2.190,149.26,33.25,22.1,50
1,0.5,2.215,150.39,33.59,14.7,50
1,0.5,2.240,150.87,33.73,15.7,50
1,0.5,2.267,151.92,34.14,4.6,50
1,0.5,2.293,152.52,34.34,341.3,50
1,0.5,2.318,153.58,34.71,339.8,50
1,0.5,2.343,154.07,34.91,358.9,50
1,0.5,2.369,155.20,35.28,1.5,50
1,0.5,2.396,155.77,35.42,7.6,50
1,0.5,2.422,156.91,35.63,13.3,50
1,0.5,2.447,158.20,35.87,13.6,50
1,0.5,2.472,158.74,35.93,10.5,50
1,0.5,2.497,159.35,35.96,10.2,50
1,0.5,2.522,160.59,36.03,7.4,50
1,0.5,2.548,161.85,36.01,2.7,50
1,0.5,2.573,162.46,35.91,1.9,50
1,0.5,2.598,163.74,35.67,0.9,50
1,0.5,2.623,164.42,35.53,359.9,50
1,0.5,2.649,165.65,35.29,354.3,50
1,0.5,2.675,166.28,35.21,351.5,50
1,0.5,2.700,167.61,35.03,351.8,50
2,0.55,0.025,210.18,39.77,184.7,50
2,0.55,0.051,210.19,39.77,184.1,50
2,0.55,0.076,210.23,39.78,184.3,50
2,0.55,0.101,210.17,39.77,188.0,50
2,0.55,0.126,210.20,39.79,182.9,50
2,0.55,0.152,210.18,39.75,184.4,50
2,0.55,0.177,210.18,39.79,182.6,50
2,0.55,0.202,210.16,39.78,182.6,50
2,0.55,0.227,210.15,39.78,184.5,50
2,0.55,0.252,210.18,39.81,184.5,50
2,0.55,0.278,210.14,39.78,185.2,50
2,0.55,0.303,210.13,39.81,184.8,50
2,0.55,0.329,210.12,39.81,187.3,50
2,0.55,0.354,210.10,39.81,181.5,50
2,0.55,0.380,210.13,39.80,185.6,50
2,0.55,0.405,210.16,39.79,183.3,50
2,0.55,0.430,210.14,39.80,184.6,50
2,0.55,0.455,210.12,39.80,182.4,50
2,0.55,0.481,210.15,39.81,185.1,50
2,0.55,0.506,210.13,39.79,185.0,50
2,0.55,0.531,210.18,39.80,185.2,50
2,0.55,0.556,210.16,39.76,185.2,50
2,0.55,0.582,210.17,39.77,185.0,50
2,0.55,0.607,210.17,39.82,183.1,50
2,0.55,0.632,210.19,39.80,184.9,50
2,0.55,0.661,210.17,39.79,181.0,50
2,0.55,0.686,210.17,39.80,185.1,50
2,0.55,0.711,210.16,39.78,181.5,50
2,0.55,0.737,210.22,39.75,185.0,50
2,0.55,0.762,210.23,39.74,188.7,50
2,0.55,0.787,210.26,39.73,193.3,50
2,0.55,0.812,210.22,39.71,193.3,50
2,0.55,0.837,210.05,39.69,194.9,50
2,0.55,0.863,210.03,39.75,196.4,50
2,0.55,0.888,209.84,39.73,194.1,50
2,0.55,0.914,209.68,39.75,188.8,50
2,0.55,0.941,209.34,39.72,191.4,50
2,0.55,0.967,208.95,39.71,189.2,50
2,0.55,0.991,208.76,39.74,188.0,50
2,0.55,1.017,208.51,39.77,197.4,50
2,0.55,1.042,207.89,39.74,184.6,50
2,0.55,1.067,207.10,39.66,188.9,50
2,0.55,1.092,206.71,39.59,182.5,50
2,0.55,1.117,205.96,39.55,183.3,50
2,0.55,1.143,205.49,39.55,183.3,50
2,0.55,1.168,204.48,39.62,183.6,50
2,0.55,1.193,204.00,39.68,182.2,50
2,0.55,1.219,203.01,39.70,186.2,50
2,0.55,1.244,202.52,39.68,197.5,50
2,0.55,1.269,201.38,39.73,192.0,50
2,0.55,1.294,200.88,39.75,194.2,50
2,0.55,1.319,199.76,39.79,184.7,50
2,0.55,1.345,199.20,39.83,182.5,50
2,0.55,1.370,198.03,39.87,179.4,50
2,0.55,1.395,197.46,39.93,185.7,50
2,0.55,1.420,196.34,40.00,190.4,50
2,0.55,1.445,195.74,40.00,188.2,50
2,0.55,1.471,194.52,40.04,185.8,50
2,0.55,1.496,193.97,40.01,177.7,50
2,0.55,1.522,192.73,39.99,183.4,50
2,0.55,1.547,192.15,39.99,181.2,50
2,0.55,1.572,191.02,39.98,189.4,50
2,0.55,1.598,190.42,39.92,179.9,50
2,0.55,1.624,189.25,39.79,177.9,50
2,0.55,1.649,188.09,39.62,187.1,50
2,0.55,1.676,187.49,39.52,182.4,50
2,0.55,1.701,186.90,39.41,191.4,50
2,0.55,1.726,185.84,39.05,193.2,50
2,0.55,1.751,184.71,38.70,178.7,50
2,0.55,1.776,184.18,38.49,169.9,50
2,0.55,1.801,183.06,38.13,174.5,50
2,0.55,1.827,182.45,37.89,175.0,50
2,0.55,1.852,181.32,37.44,173.4,50
2,0.55,1.877,180.81,37.19,181.1,50
2,0.55,1.902,179.64,36.78,183.2,50
2,0.55,1.927,179.08,36.62,184.2,50
2,0.55,1.954,177.94,36.37,193.4,50
2,0.55,1.979,177.36,36.20,196.7,50
2,0.55,2.005,176.13,36.03,187.0,50
2,0.55,2.030,175.50,35.98,186.7,50
2,0.55,2.055,174.36,35.96,187.7,50
2,0.55,2.080,173.72,35.98,177.3,50
2,0.55,2.105,172.51,36.03,182.6,50
2,0.55,2.130,171.92,36.08,181.4,50
2,0.55,2.156,170.68,36.18,190.8,50
2,0.55,2.181,170.04,36.29,175.4,50
2,0.55,2.206,168.74,36.44,177.0,50
2,0.55,2.232,168.16,36.55,186.0,50
2,0.55,2.257,166.93,36.80,185.2,50
2,0.55,2.283,166.33,36.83,187.1,50
2,0.55,2.308,165.07,36.90,188.9,50
2,0.55,2.333,163.90,36.91,190.8,50
2,0.55,2.358,163.24,36.89,186.9,50
2,0.55,2.384,161.99,36.65,189.7,50
2,0.55,2.409,161.38,36.57,188.6,50
2,0.55,2.434,160.16,36.37,177.6,50
2,0.55,2.459,159.57,36.24,189.1,50
2,0.55,2.485,158.36,35.98,175.2,50
2,0.55,2.510,157.70,35.84,181.8,50
2,0.55,2.535,156.48,35.48,182.0,50
2,0.55,2.560,155.91,35.32,184.9,50
2,0.55,2.586,154.71,34.96,184.5,50
3,0.6,0.025,111.26,31.04,5.1,50
3,0.6,0.051,111.26,31.06,7.5,50
3,0.6,0.077,111.30,31.06,8.4,50
3,0.6,0.102,111.31,31.09,7.7,50
3,0.6,0.127,111.32,31.07,7.1,50
3,0.6,0.152,111.31,31.08,9.3,50
3,0.6,0.177,111.33,31.08,8.3,50
3,0.6,0.203,111.30,31.06,9.8,50
3,0.6,0.228,111.29,31.07,10.3,50
3,0.6,0.253,111.28,31.07,9.3,50
3,0.6,0.279,111.28,31.08,6.4,50
3,0.6,0.304,111.28,31.07,5.9,50
3,0.6,0.330,111.26,31.06,8.4,50
3,0.6,0.355,111.25,31.07,7.6,50
3,0.6,0.380,111.26,31.06,8.9,50
3,0.6,0.405,111.25,31.07,8.7,50
3,0.6,0.431,111.23,31.06,8.5,50
3,0.6,0.456,111.25,31.06,8.3,50
3,0.6,0.482,111.25,31.07,8.6,50
3,0.6,0.507,111.28,31.06,8.1,50
3,0.6,0.532,111.25,31.05,5.7,50
3,0.6,0.557,111.27,31.06,5.1,50
3,0.6,0.582,111.29,31.06,5.0,50
3,0.6,0.608,111.31,31.04,5.8,50
3,0.6,0.633,111.32,31.06,6.0,50
3,0.6,0.659,111.36,31.03,1.3,50
3,0.6,0.684,111.37,31.02,0.4,50
3,0.6,0.709,111.45,31.02,357.6,50
3,0.6,0.734,111.57,31.01,359.6,50
3,0.6,0.759,111.74,31.04,1.4,50
3,0.6,0.784,111.96,31.04,3.8,50
3,0.6,0.809,112.05,31.02,0.2,50
3,0.6,0.835,112.21,31.08,0.2,50
3,0.6,0.860,112.55,31.11,2.4,50
3,0.6,0.885,113.05,31.09,2.7,50
3,0.6,0.911,113.27,31.06,359.2,50
3,0.6,0.936,113.51,31.08,0.0,50
3,0.6,0.962,114.11,30.99,0.7,50
3,0.6,0.989,114.80,30.99,359.8,50
3,0.6,1.014,115.13,31.04,359.7,50
3,0.6,1.039,115.88,31.10,329.8,50
3,0.6,1.064,116.26,31.12,359.5,50
3,0.6,1.089,117.18,31.13,4.6,50
3,0.6,1.114,117.62,31.10,359.5,50
3,0.6,1.140,118.55,31.11,0.4,50
3,0.6,1.166,118.99,31.09,0.4,50
3,0.6,1.191,119.94,31.12,7.8,50
3,0.6,1.216,120.44,31.11,5.8,50
3,0.6,1.241,121.33,31.12,10.9,50
3,0.6,1.267,121.79,31.14,3.1,50
3,0.6,1.292,122.66,31.26,13.5,50
3,0.6,1.317,123.23,31.30,7.8,50
3,0.6,1.342,124.22,31.60,5.1,50
3,0.6,1.367,124.67,31.76,7.3,50
3,0.6,1.393,125.64,32.09,4.2,50
3,0.6,1.418,126.15,32.26,8.6,50
3,0.6,1.443,127.17,32.57,7.1,50
3,0.6,1.469,128.18,32.89,10.9,50
3,0.6,1.493,128.70,33.04,13.4,50
3,0.6,1.519,129.29,33.18,11.0,50
3,0.6,1.544,130.37,33.48,8.2,50
3,0.6,1.569,131.40,33.66,6.3,50
3,0.6,1.594,131.98,33.79,6.3,50
3,0.6,1.620,132.56,33.87,9.8,50
3,0.6,1.645,133.70,34.01,2.6,50
3,0.6,1.671,134.88,34.17,3.2,50
3,0.6,1.695,135.47,34.21,2.2,50
3,0.6,1.721,136.60,34.18,4.2,50
3,0.6,1.745,137.17,34.15,6.4,50
3,0.6,1.771,138.27,33.94,0.1,50
3,0.6,1.796,138.88,33.87,3.0,50
3,0.6,1.821,140.04,33.71,3.6,50
3,0.6,1.847,140.73,33.65,339.9,50
3,0.6,1.872,141.84,33.50,4.5,50
3,0.6,1.897,142.38,33.44,1.8,50
3,0.6,1.923,143.57,33.36,1.6,50
3,0.6,1.948,144.18,33.29,359.9,50
3,0.6,1.973,145.27,33.23,0.7,50
3,0.6,1.999,145.88,33.15,3.7,50
3,0.6,2.024,147.06,33.11,359.2,50
3,0.6,2.050,147.59,33.11,7.9,50
3,0.6,2.075,148.73,33.07,2.9,50
3,0.6,2.100,149.32,33.08,4.3,50
3,0.6,2.125,150.43,33.13,1.2,50
3,0.6,2.150,151.02,33.16,1.6,50
3,0.6,2.177,152.17,33.19,357.2,50
3,0.6,2.202,152.72,33.28,357.5,50
3,0.6,2.227,153.71,33.49,358.2,50
3,0.6,2.252,154.25,33.62,357.6,50
3,0.6,2.277,155.40,33.96,7.1,50
3,0.6,2.302,155.94,34.15,10.9,50
3,0.6,2.327,157.21,34.56,10.9,50
3,0.6,2.352,158.34,34.97,4.4,50
3,0.6,2.377,158.99,35.15,0.5,50
3,0.6,2.403,159.57,35.37,358.1,50
3,0.6,2.428,160.76,35.77,353.9,50
3,0.6,2.453,162.01,36.11,351.0,50
3,0.6,2.479,162.65,36.21,343.7,50
3,0.6,2.504,163.30,36.36,3.8,50
3,0.6,2.529,164.59,36.63,338.3,50
3,0.6,2.554,165.83,36.85,339.6,50
3,0.6,2.579,166.45,36.90,353.5,50
3,0.6,2.604,167.77,36.91,1.7,50
3,0.6,2.630,168.39,36.94,358.9,50
3,0.6,2.655,169.70,36.87,9.1,50
3,0.6,2.680,170.36,36.82,8.5,50
3,0.6,2.705,171.64,36.55,1.3,50
4,0.5,0.025,211.63,39.91,174.2,50
4,0.5,0.051,211.51,39.88,177.8,50
4,0.5,0.076,211.50,39.85,174.8,50
4,0.5,0.101,211.50,39.86,176.0,50
4,0.5,0.127,211.49,39.85,175.8,50
4,0.5,0.152,211.47,39.86,177.0,50
4,0.5,0.178,211.48,39.85,176.8,50
4,0.5,0.203,211.48,39.87,174.5,50
4,0.5,0.228,211.50,39.87,177.1,50
4,0.5,0.254,211.63,39.90,176.9,50
4,0.5,0.279,211.51,39.87,176.2,50
4,0.5,0.304,211.66,39.90,177.9,50
4,0.5,0.329,211.66,39.90,177.8,50
4,0.5,0.354,211.66,39.89,179.3,50
4,0.5,0.380,211.65,39.89,178.1,50
4,0.5,0.405,211.63,39.90,179.4,50
4,0.5,0.431,211.64,39.88,180.2,50
4,0.5,0.456,211.59,39.92,181.2,50
4,0.5,0.482,211.58,39.90,180.9,50
4,0.5,0.507,211.57,39.89,180.6,50
4,0.5,0.532,211.55,39.90,179.7,50
4,0.5,0.558,211.54,39.93,180.3,50
4,0.5,0.583,211.55,39.90,180.1,50
4,0.5,0.608,211.52,39.91,178.5,50
4,0.5,0.634,211.53,39.89,178.6,50
4,0.5,0.659,211.54,39.90,179.2,50
4,0.5,0.685,211.54,39.90,180.0,50
4,0.5,0.710,211.54,39.89,179.9,50
4,0.5,0.735,211.59,39.89,179.4,50
4,0.5,0.760,211.60,39.89,181.1,50
4,0.5,0.786,211.70,39.90,181.0,50
4,0.5,0.814,211.70,39.89,185.7,50
4,0.5,0.839,211.68,39.87,193.9,50
4,0.5,0.864,211.69,39.86,192.5,50
4,0.5,0.890,211.59,39.85,192.2,50
4,0.5,0.915,211.52,39.86,190.6,50
4,0.5,0.940,211.34,39.86,185.6,50
4,0.5,0.965,211.19,39.81,190.4,50
4,0.5,0.991,211.10,39.78,188.1,50
4,0.5,1.016,210.88,39.79,195.4,50
4,0.5,1.041,210.51,39.85,196.8,50
4,0.5,1.066,209.99,39.90,189.7,50
4,0.5,1.092,209.75,39.91,200.9,50
4,0.5,1.117,209.09,39.88,190.1,50
4,0.5,1.144,208.77,39.90,187.0,50
4,0.5,1.169,208.33,39.88,206.6,50
4,0.5,1.194,207.63,39.75,191.8,50
4,0.5,1.219,206.82,39.61,187.5,50
4,0.5,1.244,206.38,39.52,187.3,50
4,0.5,1.269,205.49,39.52,185.3,50
4,0.5,1.295,205.14,39.44,178.0,50
4,0.5,1.322,204.09,39.26,182.0,50
4,0.5,1.347,203.55,39.20,181.1,50
4,0.5,1.372,202.59,38.94,180.4,50
4,0.5,1.397,202.07,38.82,180.7,50
4,0.5,1.423,200.90,38.65,186.7,50
4,0.5,1.448,200.30,38.62,179.2,50
4,0.5,1.473,199.27,38.59,192.7,50
4,0.5,1.499,198.65,38.52,180.7,50
4,0.5,1.524,197.41,38.45,189.1,50
4,0.5,1.549,196.25,38.32,189.7,50
4,0.5,1.575,195.67,38.26,180.6,50
4,0.5,1.600,195.04,38.17,179.2,50
4,0.5,1.625,193.80,38.01,182.4,50
4,0.5,1.651,192.73,37.98,190.1,50
4,0.5,1.676,192.02,37.98,181.7,50
4,0.5,1.701,190.77,37.99,186.1,50
4,0.5,1.726,190.20,38.03,193.7,50
4,0.5,1.752,189.02,38.12,178.0,50
4,0.5,1.777,188.40,38.19,189.3,50
4,0.5,1.802,187.22,38.33,184.1,50
4,0.5,1.828,186.59,38.35,182.4,50
4,0.5,1.853,185.23,38.47,177.3,50
4,0.5,1.879,184.60,38.40,183.0,50
4,0.5,1.904,183.47,38.25,182.4,50
4,0.5,1.929,182.90,38.24,183.4,50
4,0.5,1.954,181.67,38.13,183.1,50
4,0.5,1.980,181.04,38.06,169.6,50
4,0.5,2.006,179.84,37.93,176.0,50
4,0.5,2.032,179.25,37.85,173.7,50
4,0.5,2.057,178.07,37.64,191.9,50
4,0.5,2.082,177.49,37.50,186.1,50
4,0.5,2.109,176.28,37.23,184.6,50
4,0.5,2.135,175.66,37.11,188.3,50
4,0.5,2.161,174.48,36.88,185.7,50
4,0.5,2.186,173.92,36.74,179.0,50
4,0.5,2.212,172.70,36.41,184.6,50
4,0.5,2.237,171.54,36.16,180.8,50
4,0.5,2.263,170.92,36.09,176.0,50
4,0.5,2.288,169.70,35.94,182.8,50
4,0.5,2.314,169.05,35.85,186.4,50
4,0.5,2.339,167.87,35.68,184.4,50
4,0.5,2.364,167.26,35.61,182.3,50
4,0.5,2.389,166.05,35.47,188.7,50
4,0.5,2.415,165.47,35.48,174.6,50
4,0.5,2.442,164.26,35.44,184.0,50
4,0.5,2.467,163.59,35.54,169.3,50
4,0.5,2.493,162.36,35.66,174.9,50
4,0.5,2.518,161.72,35.74,186.1,50
4,0.5,2.543,160.44,35.86,183.0,50
5,0.55,0.025,112.58,31.90,7.9,50
5,0.55,0.051,112.57,31.91,9.6,50
5,0.55,0.076,112.57,31.92,8.8,50
5,0.55,0.102,112.59,31.92,9.0,50
5,0.55,0.127,112.57,31.91,7.9,50
5,0.55,0.152,112.59,31.91,8.1,50
5,0.55,0.177,112.56,31.90,7.5,50
5,0.55,0.203,112.57,31.91,8.4,50
5,0.55,0.229,112.56,31.91,7.9,50
5,0.55,0.257,112.54,31.91,8.1,50
5,0.55,0.282,112.56,31.91,8.2,50
5,0.55,0.307,112.56,31.91,8.2,50
5,0.55,0.333,112.54,31.89,7.8,50
5,0.55,0.359,112.54,31.91,7.9,50
5,0.55,0.384,112.54,31.90,7.6,50
5,0.55,0.409,112.54,31.91,7.4,50
5,0.55,0.435,112.53,31.90,7.0,50
5,0.55,0.461,112.53,31.90,7.5,50
5,0.55,0.486,112.53,31.90,7.5,50
5,0.55,0.511,112.53,31.91,6.8,50
5,0.55,0.537,112.54,31.91,7.0,50
5,0.55,0.562,112.50,31.92,6.7,50
5,0.55,0.588,112.50,31.94,5.7,50
5,0.55,0.613,112.47,31.94,6.6,50
5,0.55,0.638,112.47,31.95,5.4,50
5,0.55,0.663,112.45,31.95,10.0,50
5,0.55,0.691,112.45,31.94,10.4,50
5,0.55,0.716,112.42,31.93,9.4,50
5,0.55,0.741,112.42,31.93,9.7,50
5,0.55,0.767,112.39,31.89,10.1,50
5,0.55,0.792,112.35,31.88,4.7,50
5,0.55,0.818,112.31,31.90,6.0,50
5,0.55,0.843,112.32,31.90,6.7,50
5,0.55,0.868,112.45,31.90,358.9,50
5,0.55,0.893,112.48,31.88,2.2,50
5,0.55,0.918,112.63,31.87,1.4,50
5,0.55,0.944,112.85,31.86,356.1,50
5,0.55,0.969,112.99,31.87,352.4,50
5,0.55,0.995,113.12,31.89,0.7,50
5,0.55,1.020,113.57,31.92,0.1,50
5,0.55,1.045,114.01,31.88,2.3,50
5,0.55,1.070,114.27,31.88,2.2,50
5,0.55,1.096,114.65,31.84,0.4,50
5,0.55,1.122,114.92,31.84,0.4,50
5,0.55,1.147,115.62,31.86,359.6,50
5,0.55,1.172,115.99,31.85,4.2,50
5,0.55,1.198,116.66,31.89,356.3,50
5,0.55,1.223,116.98,31.92,1.7,50
5,0.55,1.250,117.86,31.96,7.3,50
5,0.55,1.275,118.33,31.98,1.9,50
5,0.55,1.300,119.24,31.96,356.9,50
5,0.55,1.326,119.64,31.98,357.3,50
5,0.55,1.351,120.57,32.02,4.8,50
5,0.55,1.377,121.04,32.03,0.8,50
5,0.55,1.403,121.93,31.98,358.7,50
5,0.55,1.428,122.35,31.99,2.5,50
5,0.55,1.453,123.14,32.12,2.9,50
5,0.55,1.479,123.61,32.23,4.5,50
5,0.55,1.504,124.60,32.41,6.5,50
5,0.55,1.531,125.76,32.61,1.6,50
5,0.55,1.556,126.22,32.68,3.3,50
5,0.55,1.581,127.21,32.78,3.5,50
5,0.55,1.607,127.73,32.89,4.8,50
5,0.55,1.632,128.73,33.07,4.1,50
5,0.55,1.657,129.33,33.16,6.5,50
5,0.55,1.683,130.46,33.40,3.8,50
5,0.55,1.708,131.11,33.51,3.0,50
5,0.55,1.733,132.19,33.72,4.7,50
5,0.55,1.759,132.72,33.77,6.3,50
5,0.55,1.784,133.90,33.90,4.4,50
5,0.55,1.809,134.48,33.98,6.0,50
5,0.55,1.835,135.59,34.10,8.9,50
5,0.55,1.860,136.14,34.19,8.6,50
5,0.55,1.885,137.41,34.19,7.7,50
5,0.55,1.911,138.04,34.15,8.6,50
5,0.55,1.936,139.04,34.09,8.0,50
5,0.55,1.961,139.66,34.02,337.4,50
5,0.55,1.987,140.84,34.00,357.0,50
5,0.55,2.012,142.00,33.99,356.3,50
5,0.55,2.037,142.55,33.99,330.3,50
5,0.55,2.062,143.17,34.00,357.8,50
5,0.55,2.088,144.35,34.11,359.9,50
5,0.55,2.113,145.41,34.19,340.7,50
5,0.55,2.138,146.00,34.21,335.4,50
5,0.55,2.164,147.13,34.23,359.2,50
5,0.55,2.190,147.70,34.21,359.0,50
5,0.55,2.215,148.99,34.08,358.4,50
5,0.55,2.243,149.53,34.00,5.0,50
5,0.55,2.268,150.58,33.89,359.1,50
5,0.55,2.294,151.09,33.86,359.8,50
5,0.55,2.319,152.26,33.87,2.0,50
5,0.55,2.344,152.77,33.91,2.5,50
5,0.55,2.370,154.03,34.03,12.1,50
5,0.55,2.395,154.63,34.15,5.1,50
5,0.55,2.420,155.77,34.23,358.7,50
5,0.55,2.445,156.37,34.30,356.5,50
5,0.55,2.471,157.55,34.38,8.5,50
5,0.55,2.496,158.83,34.42,3.8,50
5,0.55,2.523,159.41,34.48,5.5,50
5,0.55,2.548,160.05,34.50,3.0,50
5,0.55,2.574,161.37,34.61,8.3,50
5,0.55,2.599,162.50,34.80,0.7,50
5,0.55,2.624,163.10,34.90,1.5,50
5,0.55,2.650,164.35,35.09,359.6,50
5,0.55,2.675,165.01,35.13,1.4,50
5,0.55,2.701,166.27,35.27,1.2,50
5,0.55,2.726,166.93,35.29,1.1,50
5,0.55,2.751,168.17,35.34,4.5,50
6,0.6,0.025,209.96,37.34,172.9,50
6,0.6,0.050,209.97,37.31,176.1,50
6,0.6,0.075,209.99,37.33,173.3,50
6,0.6,0.101,209.99,37.31,172.2,50
6,0.6,0.127,209.98,37.33,180.8,50
6,0.6,0.153,210.02,37.33,175.4,50
6,0.6,0.180,210.00,37.31,174.7,50
6,0.6,0.205,210.01,37.31,174.3,50
6,0.6,0.231,210.04,37.31,173.9,50
6,0.6,0.256,210.01,37.33,176.3,50
6,0.6,0.282,210.01,37.33,174.9,50
6,0.6,0.307,209.97,37.32,172.2,50
6,0.6,0.332,209.97,37.31,175.3,50
6,0.6,0.357,209.97,37.33,174.3,50
6,0.6,0.382,209.99,37.30,174.3,50
6,0.6,0.408,209.99,37.31,175.2,50
6,0.6,0.433,209.94,37.34,177.4,50
6,0.6,0.460,209.97,37.34,175.8,50
6,0.6,0.485,209.95,37.33,180.1,50
6,0.6,0.510,209.95,37.33,177.5,50
6,0.6,0.535,209.94,37.32,177.0,50
6,0.6,0.561,209.94,37.33,178.6,50
6,0.6,0.586,209.97,37.30,174.6,50
6,0.6,0.611,209.92,37.33,175.4,50
6,0.6,0.636,209.95,37.32,177.3,50
6,0.6,0.662,209.93,37.32,179.4,50
6,0.6,0.687,209.96,37.32,177.5,50
6,0.6,0.712,209.96,37.33,175.1,50
6,0.6,0.737,209.99,37.32,179.0,50
6,0.6,0.762,209.99,37.32,175.0,50
6,0.6,0.787,210.05,37.28,178.4,50
6,0.6,0.812,210.06,37.26,182.3,50
6,0.6,0.838,210.00,37.24,185.3,50
6,0.6,0.863,209.99,37.25,186.4,50
6,0.6,0.888,209.88,37.21,186.9,50
6,0.6,0.914,209.85,37.19,190.0,50
6,0.6,0.939,209.59,37.20,187.1,50
6,0.6,0.964,209.47,37.20,191.1,50
6,0.6,0.990,209.20,37.19,190.2,50
6,0.6,1.015,209.10,37.21,194.7,50
6,0.6,1.040,208.57,37.26,182.2,50
6,0.6,1.065,208.27,37.30,191.5,50
6,0.6,1.090,207.74,37.31,182.1,50
6,0.6,1.116,207.38,37.31,182.3,50
6,0.6,1.142,206.67,37.40,192.5,50
6,0.6,1.168,206.24,37.43,185.0,50
6,0.6,1.193,205.44,37.54,185.8,50
6,0.6,1.219,204.47,37.56,181.9,50
6,0.6,1.244,204.07,37.53,182.4,50
6,0.6,1.269,203.64,37.49,181.7,50
6,0.6,1.294,202.68,37.36,183.9,50
6,0.6,1.320,201.64,37.29,181.2,50
6,0.6,1.346,201.15,37.29,190.9,50
6,0.6,1.371,200.11,37.14,183.4,50
6,0.6,1.396,199.53,37.09,180.9,50
6,0.6,1.421,198.47,37.17,190.4,50
6,0.6,1.448,197.92,37.17,190.7,50
6,0.6,1.477,196.76,37.20,175.0,50
6,0.6,1.502,196.17,37.21,185.7,50
6,0.6,1.526,195.22,37.40,182.1,50
6,0.6,1.552,194.62,37.42,183.3,50
6,0.6,1.579,193.30,37.46,181.3,50
6,0.6,1.604,192.10,37.53,176.7,50
6,0.6,1.630,191.48,37.48,186.3,50
6,0.6,1.654,190.37,37.39,181.9,50
6,0.6,1.679,189.83,37.34,185.7,50
6,0.6,1.705,188.62,37.32,179.9,50
6,0.6,1.730,188.08,37.25,178.3,50
6,0.6,1.755,186.87,37.19,177.6,50
6,0.6,1.780,186.31,37.15,180.9,50
6,0.6,1.805,185.15,37.04,184.2,50
6,0.6,1.831,184.60,36.97,180.6,50
6,0.6,1.856,182.87,36.72,189.4,50
6,0.6,1.881,182.21,36.58,182.8,50
6,0.6,1.907,181.64,36.44,179.5,50
6,0.6,1.932,181.04,36.39,181.1,50
6,0.6,1.957,179.87,36.09,178.9,50
6,0.6,1.983,179.29,36.01,175.0,50
6,0.6,2.008,178.18,35.70,185.6,50
6,0.6,2.033,176.96,35.43,188.3,50
6,0.6,2.059,176.42,35.30,175.3,50
6,0.6,2.084,175.75,35.21,182.5,50
6,0.6,2.110,174.63,35.07,186.4,50
6,0.6,2.135,173.37,35.01,184.8,50
6,0.6,2.162,172.76,34.98,185.6,50
6,0.6,2.187,171.65,34.90,181.2,50
6,0.6,2.212,171.02,34.84,181.4,50
6,0.6,2.238,169.70,34.69,177.6,50
6,0.6,2.263,169.12,34.74,176.8,50
6,0.6,2.288,167.90,34.74,172.9,50
6,0.6,2.314,167.27,34.72,186.0,50
6,0.6,2.339,166.12,34.90,178.9,50
6,0.6,2.364,165.55,34.95,174.3,50
6,0.6,2.389,164.30,35.05,174.3,50
6,0.6,2.414,163.61,35.08,179.2,50
6,0.6,2.440,162.49,35.06,188.2,50
6,0.6,2.466,161.84,35.05,186.0,50
6,0.6,2.491,160.69,34.95,180.1,50
6,0.6,2.516,160.08,34.91,172.7,50
6,0.6,2.541,158.17,34.78,179.2,50
6,0.6,2.567,157.58,34.79,181.1,50
6,0.6,2.592,157.00,34.77,172.0,50
6,0.6,2.617,155.74,34.79,174.7,50
6,0.6,2.642,155.12,34.83,180.3,50
6,0.6,2.667,154.61,34.95,179.1,50
6,0.6,2.692,153.51,35.02,174.6,50
6,0.6,2.717,152.20,35.12,180.3,50
6,0.6,2.742,151.70,35.15,177.1,50
6,0.6,2.768,151.12,35.13,189.5,50
6,0.6,2.793,149.89,35.13,184.5,50
7,0.5,0.025,100.13,31.85,5.5,50
7,0.5,0.050,100.13,31.86,8.0,50
7,0.5,0.075,100.12,31.87,7.6,50
7,0.5,0.099,100.12,31.86,7.4,50
7,0.5,0.124,100.12,31.87,8.1,50
7,0.5,0.148,100.13,31.87,7.1,50
7,0.5,0.174,100.13,31.86,7.0,50
7,0.5,0.198,100.12,31.88,8.1,50
7,0.5,0.223,100.13,31.89,8.1,50
7,0.5,0.248,100.15,31.89,8.4,50
7,0.5,0.272,100.15,31.88,6.8,50
7,0.5,0.297,100.14,31.88,8.0,50
7,0.5,0.321,100.17,31.88,7.6,50
7,0.5,0.345,100.16,31.88,6.6,50
7,0.5,0.370,100.14,31.89,7.9,50
7,0.5,0.395,100.14,31.88,7.3,50
7,0.5,0.420,100.14,31.89,8.4,50
7,0.5,0.445,100.15,31.89,7.7,50
7,0.5,0.471,100.12,31.89,7.4,50
7,0.5,0.496,100.13,31.88,8.1,50
7,0.5,0.521,100.13,31.85,9.4,50
7,0.5,0.546,100.13,31.87,8.5,50
7,0.5,0.570,100.11,31.87,7.6,50
7,0.5,0.595,100.13,31.86,6.2,50
7,0.5,0.620,100.13,31.85,7.4,50
7,0.5,0.644,100.12,31.88,5.7,50
7,0.5,0.669,100.11,31.83,2.9,50
7,0.5,0.694,100.09,31.83,360.0,50
7,0.5,0.719,100.18,31.85,0.9,50
7,0.5,0.745,100.22,31.88,1.6,50
7,0.5,0.772,100.30,31.85,7.6,50
7,0.5,0.797,100.39,31.89,1.4,50
7,0.5,0.821,100.62,31.87,4.1,50
7,0.5,0.847,100.75,31.85,2.1,50
7,0.5,0.872,101.05,31.85,3.9,50
7,0.5,0.896,101.48,31.84,0.1,50
7,0.5,0.921,101.77,31.86,3.9,50
7,0.5,0.945,102.01,31.83,2.7,50
7,0.5,0.970,102.48,31.93,358.3,50
7,0.5,0.995,102.83,31.96,0.1,50
7,0.5,1.019,103.55,31.98,357.1,50
7,0.5,1.044,103.89,31.99,359.5,50
7,0.5,1.069,104.62,31.89,356.1,50
7,0.5,1.093,104.95,31.87,357.0,50
7,0.5,1.118,105.77,31.88,3.4,50
7,0.5,1.143,106.16,31.89,5.2,50
7,0.5,1.168,107.03,31.88,4.8,50
7,0.5,1.192,107.53,31.87,5.3,50
7,0.5,1.216,108.48,31.93,3.7,50
7,0.5,1.241,109.02,31.93,6.5,50
7,0.5,1.266,110.03,31.93,6.1,50
7,0.5,1.290,110.55,31.95,3.7,50
7,0.5,1.314,111.59,31.97,358.2,50
7,0.5,1.339,112.16,31.89,0.5,50
7,0.5,1.364,113.24,31.88,1.6,50
7,0.5,1.388,113.78,31.89,350.2,50
7,0.5,1.413,114.37,31.90,358.1,50
7,0.5,1.438,115.50,31.85,0.4,50
7,0.5,1.465,116.07,31.88,5.2,50
7,0.5,1.491,117.21,31.85,353.4,50
7,0.5,1.515,117.84,31.88,2.3,50
7,0.5,1.540,118.93,32.02,4.1,50
7,0.5,1.564,119.46,32.04,2.6,50
7,0.5,1.589,120.80,32.05,357.2,50
7,0.5,1.614,121.35,32.03,358.6,50
7,0.5,1.639,122.27,32.15,359.3,50
7,0.5,1.664,123.33,32.29,2.8,50
7,0.5,1.690,123.86,32.41,10.0,50
7,0.5,1.716,124.32,32.50,5.3,50
7,0.5,1.740,125.46,32.63,14.9,50
7,0.5,1.766,126.07,32.79,5.7,50
7,0.5,1.791,127.09,32.90,2.9,50
7,0.5,1.815,127.61,32.95,358.7,50
7,0.5,1.840,128.78,33.17,5.7,50
7,0.5,1.864,129.86,33.47,6.3,50
7,0.5,1.889,130.41,33.59,6.3,50
7,0.5,1.913,131.01,33.68,2.1,50
7,0.5,1.938,132.21,33.89,1.4,50
7,0.5,1.963,133.33,34.00,6.8,50
7,0.5,1.988,133.90,34.12,7.7,50
7,0.5,2.013,134.51,34.11,1.0,50
7,0.5,2.037,135.69,34.20,3.8,50
7,0.5,2.062,136.24,34.26,3.0,50
7,0.5,2.087,137.42,34.16,11.1,50
7,0.5,2.111,138.03,34.06,5.7,50
7,0.5,2.136,139.23,33.90,338.3,50
7,0.5,2.161,139.80,33.78,341.9,50
7,0.5,2.185,140.97,33.68,1.6,50
7,0.5,2.210,141.50,33.70,359.4,50
7,0.5,2.234,142.83,33.56,356.5,50
7,0.5,2.259,143.49,33.54,356.0,50
7,0.5,2.284,144.56,33.53,359.4,50
7,0.5,2.310,145.11,33.51,359.0,50
7,0.5,2.334,146.34,33.63,3.9,50
7,0.5,2.359,146.84,33.66,0.2,50
7,0.5,2.384,148.05,33.84,5.6,50
7,0.5,2.409,148.68,33.92,5.8,50
7,0.5,2.433,149.83,34.15,0.3,50
7,0.5,2.459,150.45,34.21,353.8,50
8,0.55,0.027,198.61,36.51,172.1,50
8,0.55,0.056,198.61,36.52,173.3,50
8,0.55,0.081,198.65,36.49,176.4,50
8,0.55,0.106,198.65,36.52,175.9,50
8,0.55,0.130,198.67,36.51,175.9,50
8,0.55,0.155,198.67,36.51,184.3,50
8,0.55,0.180,198.68,36.50,169.6,50
8,0.55,0.206,198.67,36.50,171.7,50
8,0.55,0.230,198.67,36.49,181.2,50
8,0.55,0.255,198.67,36.52,182.3,50
8,0.55,0.279,198.66,36.49,177.0,50
8,0.55,0.305,198.65,36.51,174.2,50
8,0.55,0.329,198.64,36.50,173.0,50
8,0.55,0.354,198.63,36.50,173.5,50
8,0.55,0.379,198.63,36.50,172.6,50
8,0.55,0.404,198.61,36.49,170.4,50
8,0.55,0.429,198.62,36.50,171.7,50
8,0.55,0.454,198.61,36.50,173.1,50
8,0.55,0.478,198.62,36.51,172.9,50
8,0.55,0.503,198.63,36.51,173.0,50
8,0.55,0.528,198.61,36.52,172.1,50
8,0.55,0.552,198.63,36.50,172.3,50
8,0.55,0.577,198.64,36.50,175.3,50
8,0.55,0.602,198.66,36.50,172.6,50
8,0.55,0.627,198.66,36.51,175.5,50
8,0.55,0.652,198.68,36.48,175.4,50
8,0.55,0.677,198.70,36.44,169.6,50
8,0.55,0.702,198.71,36.46,183.1,50
8,0.55,0.726,198.70,36.45,177.8,50
8,0.55,0.751,198.63,36.39,181.7,50
8,0.55,0.776,198.57,36.40,183.6,50
8,0.55,0.801,198.49,36.39,193.6,50
8,0.55,0.826,198.39,36.41,194.3,50
8,0.55,0.850,198.13,36.40,189.3,50
8,0.55,0.876,197.99,36.45,190.8,50
8,0.55,0.901,197.64,36.45,197.5,50
8,0.55,0.926,197.48,36.42,191.7,50
8,0.55,0.951,197.11,36.44,192.2,50
8,0.55,0.975,196.87,36.47,191.6,50
8,0.55,1.000,196.22,36.51,184.8,50
8,0.55,1.025,195.86,36.49,192.7,50
8,0.55,1.050,195.27,36.49,191.0,50
8,0.55,1.075,194.91,36.53,181.3,50
8,0.55,1.100,194.09,36.53,193.2,50
8,0.55,1.125,193.63,36.54,178.9,50
8,0.55,1.150,192.78,36.55,179.6,50
8,0.55,1.175,192.27,36.57,188.2,50
8,0.55,1.199,191.42,36.56,174.8,50
8,0.55,1.224,190.95,36.57,176.5,50
8,0.55,1.248,189.87,36.59,176.2,50
8,0.55,1.273,189.29,36.61,177.9,50
8,0.55,1.299,188.27,36.54,183.5,50
8,0.55,1.324,187.69,36.54,182.5,50
8,0.55,1.349,187.20,36.52,181.5,50
8,0.55,1.374,186.02,36.56,185.5,50
8,0.55,1.398,185.46,36.50,191.4,50
8,0.55,1.423,184.38,36.43,182.8,50
8,0.55,1.448,183.76,36.43,180.9,50
8,0.55,1.473,182.63,36.36,181.7,50
8,0.55,1.498,182.03,36.37,176.7,50
8,0.55,1.522,180.84,36.35,179.8,50
8,0.55,1.547,180.25,36.35,188.5,50
8,0.55,1.572,179.18,36.34,182.6,50
8,0.55,1.597,178.57,36.28,175.1,50
8,0.55,1.622,177.32,36.26,188.9,50
8,0.55,1.646,176.75,36.28,188.8,50
8,0.55,1.671,175.55,36.22,181.4,50
8,0.55,1.696,174.99,36.14,184.7,50
8,0.55,1.721,173.82,35.98,189.4,50
8,0.55,1.746,173.23,35.89,184.0,50
8,0.55,1.771,172.05,35.67,185.4,50
8,0.55,1.796,171.41,35.56,185.6,50
8,0.55,1.821,170.30,35.33,188.1,50
8,0.55,1.846,169.69,35.26,182.6,50
8,0.55,1.871,168.54,35.04,187.0,50
8,0.55,1.896,167.96,34.92,173.7,50
8,0.55,1.921,166.74,34.68,180.1,50
8,0.55,1.946,166.08,34.63,176.7,50
8,0.55,1.970,164.89,34.54,170.9,50
8,0.55,1.997,164.33,34.50,188.5,50
8,0.55,2.021,163.12,34.50,177.2,50
8,0.55,2.046,162.52,34.55,179.3,50
8,0.55,2.070,161.31,34.61,185.1,50
8,0.55,2.095,160.71,34.67,186.0,50
8,0.55,2.120,159.46,34.84,181.2,50
8,0.55,2.145,158.90,34.94,178.2,50
8,0.55,2.169,157.66,35.08,186.5,50
8,0.55,2.194,157.06,35.18,175.5,50
8,0.55,2.220,155.94,35.17,184.3,50
8,0.55,2.244,155.29,35.11,180.9,50
8,0.55,2.269,153.98,35.07,169.5,50
8,0.55,2.294,153.43,35.01,179.7,50
8,0.55,2.318,152.28,34.90,184.7,50
8,0.55,2.343,151.71,34.85,181.1,50
8,0.55,2.367,150.60,34.80,179.1,50
8,0.55,2.392,149.98,34.79,179.6,50
8,0.55,2.417,148.79,34.75,176.5,50
8,0.55,2.442,148.14,34.79,179.0,50
8,0.55,2.466,146.97,34.77,181.7,50
8,0.55,2.491,146.35,34.83,189.6,50
8,0.55,2.517,145.10,34.85,185.6,50
8,0.55,2.542,144.47,34.89,187.6,50
8,0.55,2.568,143.82,34.91,180.2,50
8,0.55,2.592,142.53,34.97,178.8,50
9,0.6,0.025,97.78,31.92,9.2,50
9,0.6,0.049,97.78,31.91,9.9,50
9,0.6,0.074,97.76,31.90,9.1,50
9,0.6,0.100,97.81,31.91,9.9,50
9,0.6,0.124,97.79,31.90,9.5,50
9,0.6,0.148,97.76,31.89,10.6,50
9,0.6,0.173,97.81,31.93,10.2,50
9,0.6,0.198,97.78,31.91,10.0,50
9,0.6,0.223,97.80,31.92,11.7,50
9,0.6,0.248,97.77,31.91,8.9,50
9,0.6,0.272,97.77,31.90,9.1,50
9,0.6,0.297,97.78,31.90,8.7,50
9,0.6,0.322,97.79,31.89,10.2,50
9,0.6,0.347,97.78,31.91,11.0,50
9,0.6,0.371,97.79,31.89,12.4,50
9,0.6,0.396,97.77,31.92,10.1,50
9,0.6,0.420,97.80,31.90,8.7,50
9,0.6,0.445,97.79,31.92,9.6,50
9,0.6,0.470,97.78,31.89,9.3,50
9,0.6,0.495,97.77,31.91,9.5,50
9,0.6,0.523,97.79,31.90,9.9,50
9,0.6,0.549,97.76,31.90,9.2,50
9,0.6,0.573,97.79,31.92,9.9,50
9,0.6,0.598,97.81,31.92,9.0,50
9,0.6,0.623,97.79,31.91,9.5,50
9,0.6,0.648,97.77,31.89,10.0,50
9,0.6,0.673,97.81,31.90,10.1,50
9,0.6,0.698,97.79,31.91,9.6,50
9,0.6,0.722,97.76,31.91,7.7,50
9,0.6,0.747,97.75,31.90,5.4,50
9,0.6,0.772,97.83,31.90,4.8,50
9,0.6,0.797,97.76,31.89,8.6,50
9,0.6,0.822,97.92,31.87,3.8,50
9,0.6,0.847,97.99,31.85,358.2,50
9,0.6,0.872,98.11,31.85,358.3,50
9,0.6,0.897,98.36,31.86,2.7,50
9,0.6,0.922,98.50,31.86,5.8,50
9,0.6,0.947,99.06,31.87,2.9,50
9,0.6,0.971,99.24,31.91,4.0,50
9,0.6,0.996,99.52,31.92,0.8,50
9,0.6,1.020,100.03,31.83,356.9,50
9,0.6,1.045,100.22,31.76,359.1,50
9,0.6,1.070,100.47,31.80,2.3,50
9,0.6,1.094,101.15,31.79,2.4,50
9,0.6,1.119,101.49,31.81,358.2,50
9,0.6,1.144,102.25,31.82,357.3,50
9,0.6,1.168,102.64,31.87,1.3,50
9,0.6,1.193,103.56,31.88,359.9,50
9,0.6,1.219,104.01,31.91,1.8,50
9,0.6,1.245,105.00,31.93,2.8,50
9,0.6,1.269,105.50,32.02,0.2,50
9,0.6,1.294,106.59,31.99,1.1,50
9,0.6,1.318,107.12,31.98,3.0,50
9,0.6,1.343,108.17,31.92,6.8,50
9,0.6,1.367,108.79,31.91,1.5,50
9,0.6,1.392,109.92,31.86,346.7,50
9,0.6,1.417,110.56,31.82,3.3,50
9,0.6,1.442,111.67,31.88,6.7,50
9,0.6,1.467,112.32,31.91,13.2,50
9,0.6,1.492,113.51,31.94,356.3,50
9,0.6,1.517,114.08,31.95,6.8,50
9,0.6,1.542,114.67,31.96,1.8,50
9,0.6,1.567,115.91,31.96,0.7,50
9,0.6,1.592,117.17,31.97,359.3,50
9,0.6,1.616,117.84,31.94,356.8,50
9,0.6,1.641,119.01,31.94,355.2,50
9,0.6,1.666,119.59,31.94,355.3,50
9,0.6,1.690,120.81,31.93,0.8,50
9,0.6,1.715,121.36,31.94,6.8,50
9,0.6,1.740,121.90,31.93,8.2,50
9,0.6,1.764,122.97,32.08,5.3,50
9,0.6,1.789,124.03,32.28,5.1,50
9,0.6,1.814,124.58,32.46,6.6,50
9,0.6,1.839,125.11,32.52,5.3,50
9,0.6,1.864,126.22,32.74,355.0,50
9,0.6,1.889,126.75,32.80,0.5,50
9,0.6,1.914,127.86,33.01,3.0,50
9,0.6,1.938,128.47,33.11,6.2,50
9,0.6,1.963,129.51,33.43,3.2,50
9,0.6,1.988,130.09,33.56,6.6,50
9,0.6,2.012,131.25,33.75,4.8,50
9,0.6,2.037,131.81,33.87,6.1,50
9,0.6,2.062,132.96,33.98,358.5,50
9,0.6,2.087,133.59,34.03,9.4,50
9,0.6,2.112,134.76,34.18,4.0,50
9,0.6,2.137,135.34,34.23,3.4,50
9,0.6,2.162,136.53,34.18,4.0,50
9,0.6,2.187,137.13,34.14,6.9,50
9,0.6,2.212,138.31,33.98,359.1,50
9,0.6,2.236,138.92,33.94,356.3,50
9,0.6,2.261,140.13,33.78,1.3,50
9,0.6,2.286,140.79,33.75,2.2,50
9,0.6,2.311,141.87,33.63,0.7,50
9,0.6,2.335,142.47,33.59,338.9,50
9,0.6,2.360,143.65,33.51,357.5,50
9,0.6,2.385,144.29,33.48,0.1,50
9,0.6,2.409,145.51,33.41,1.6,50
9,0.6,2.434,146.11,33.38,1.3,50
9,0.6,2.459,147.27,33.29,357.3,50
9,0.6,2.483,147.87,33.28,359.2,50
9,0.6,2.509,148.47,33.25,357.1,50
9,0.6,2.533,149.60,33.15,354.2,50
9,0.6,2.559,150.79,33.05,352.9,50
9,0.6,2.584,151.45,33.03,355.0,50
9,0.6,2.609,152.06,33.02,358.4,50
9,0.6,2.633,153.08,33.07,1.1,50
9,0.6,2.658,154.22,33.13,356.1,50
9,0.6,2.683,154.87,33.16,1.7,50
9,0.6,2.708,155.43,33.20,358.4,50
9,0.6,2.733,156.64,33.27,3.5,50
9,0.6,2.757,157.91,33.39,0.9,50
10,0.5,0.025,197.68,35.63,170.6,50
10,0.5,0.051,197.71,35.60,172.1,50
10,0.5,0.076,197.69,35.61,177.3,50
10,0.5,0.101,197.70,35.60,171.5,50
10,0.5,0.128,197.70,35.61,179.4,50
10,0.5,0.153,197.70,35.61,176.0,50
10,0.5,0.178,197.71,35.62,178.8,50
10,0.5,0.204,197.68,35.63,170.0,50
10,0.5,0.230,197.73,35.62,169.8,50
10,0.5,0.256,197.68,35.63,176.4,50
10,0.5,0.281,197.69,35.62,170.3,50
10,0.5,0.306,197.65,35.63,188.4,50
10,0.5,0.332,197.62,35.63,172.9,50
10,0.5,0.358,197.63,35.62,174.5,50
10,0.5,0.383,197.65,35.62,173.5,50
10,0.5,0.408,197.63,35.61,177.1,50
10,0.5,0.433,197.65,35.62,175.3,50
10,0.5,0.459,197.64,35.63,174.5,50
10,0.5,0.484,197.65,35.64,175.8,50
10,0.5,0.509,197.65,35.62,176.3,50
10,0.5,0.534,197.67,35.62,178.1,50
10,0.5,0.559,197.69,35.63,178.4,50
10,0.5,0.586,197.70,35.62,168.0,50
10,0.5,0.611,197.70,35.62,171.2,50
10,0.5,0.636,197.68,35.61,178.9,50
10,0.5,0.661,197.71,35.57,187.6,50
10,0.5,0.687,197.71,35.55,194.7,50
10,0.5,0.712,197.71,35.53,180.4,50
10,0.5,0.737,197.64,35.53,180.0,50
10,0.5,0.763,197.60,35.51,188.4,50
10,0.5,0.788,197.45,35.55,190.6,50
10,0.5,0.815,197.29,35.54,190.7,50
10,0.5,0.840,197.13,35.55,183.4,50
10,0.5,0.866,197.04,35.58,191.2,50
10,0.5,0.891,196.70,35.59,189.3,50
10,0.5,0.916,196.16,35.56,190.4,50
10,0.5,0.941,195.92,35.53,188.6,50
10,0.5,0.967,195.45,35.53,190.0,50
10,0.5,0.992,195.14,35.54,178.8,50
10,0.5,1.018,194.44,35.60,177.3,50
10,0.5,1.043,194.13,35.65,189.0,50
10,0.5,1.069,193.37,35.76,198.5,50
10,0.5,1.094,193.01,35.70,196.2,50
10,0.5,1.119,192.15,35.67,185.1,50
10,0.5,1.144,191.75,35.70,177.5,50
10,0.5,1.170,190.87,35.74,180.9,50
10,0.5,1.195,190.35,35.73,178.3,50
10,0.5,1.220,189.33,35.69,179.4,50
10,0.5,1.247,188.76,35.69,181.2,50
10,0.5,1.273,187.63,35.73,174.8,50
10,0.5,1.298,187.17,35.73,186.1,50
10,0.5,1.323,186.14,35.71,177.6,50
10,0.5,1.348,185.54,35.74,176.3,50
10,0.5,1.374,184.37,35.74,171.1,50
10,0.5,1.399,183.26,35.66,175.2,50
10,0.5,1.424,182.68,35.63,170.3,50
10,0.5,1.449,182.10,35.57,181.8,50
10,0.5,1.475,180.92,35.51,181.2,50
10,0.5,1.500,179.72,35.52,182.0,50
10,0.5,1.525,179.14,35.57,190.4,50
10,0.5,1.550,177.94,35.53,178.7,50
10,0.5,1.575,177.31,35.58,178.9,50
10,0.5,1.600,176.11,35.62,178.8,50
10,0.5,1.626,175.55,35.61,179.6,50
10,0.5,1.651,174.36,35.68,174.6,50
10,0.5,1.676,173.75,35.74,183.0,50
10,0.5,1.701,172.60,35.82,181.5,50
10,0.5,1.727,171.99,35.87,183.0,50
10,0.5,1.752,170.75,35.89,181.2,50
10,0.5,1.778,170.15,35.85,179.4,50
10,0.5,1.803,168.93,35.80,178.2,50
10,0.5,1.828,168.40,35.74,181.8,50
10,0.5,1.853,167.36,35.67,175.7,50
10,0.5,1.880,166.79,35.63,177.8,50
10,0.5,1.905,165.46,35.53,170.0,50
10,0.5,1.930,164.87,35.48,172.4,50
10,0.5,1.955,163.78,35.35,188.9,50
10,0.5,1.980,163.17,35.26,180.8,50
10,0.5,2.005,162.04,35.00,186.7,50
10,0.5,2.032,161.44,34.91,178.5,50
10,0.5,2.057,160.29,34.62,180.4,50
10,0.5,2.082,159.62,34.50,174.4,50
10,0.5,2.107,158.50,34.25,177.7,50
10,0.5,2.132,157.92,34.07,179.3,50
10,0.5,2.157,156.71,33.83,181.3,50
10,0.5,2.183,155.55,33.65,188.3,50
10,0.5,2.208,154.91,33.60,186.7,50
10,0.5,2.235,154.34,33.59,187.5,50
10,0.5,2.261,153.17,33.54,180.3,50
10,0.5,2.286,152.06,33.53,178.8,50
10,0.5,2.311,151.47,33.54,177.2,50
10,0.5,2.336,150.29,33.58,179.8,50
10,0.5,2.361,149.69,33.61,179.6,50
10,0.5,2.387,148.41,33.72,182.7,50
10,0.5,2.411,147.78,33.74,180.8,50
10,0.5,2.436,146.60,33.88,181.9,50
11,0.55,0.025,104.24,32.76,9.3,50
11,0.55,0.050,104.20,32.79,7.9,50
11,0.55,0.076,104.20,32.78,6.2,50
11,0.55,0.100,104.19,32.78,5.0,50
11,0.55,0.125,104.17,32.79,11.1,50
11,0.55,0.150,104.17,32.78,7.8,50
11,0.55,0.174,104.16,32.78,10.3,50
11,0.55,0.199,104.16,32.78,9.6,50
11,0.55,0.225,104.16,32.78,9.6,50
11,0.55,0.255,104.16,32.77,10.2,50
11,0.55,0.287,104.17,32.79,5.6,50
11,0.55,0.319,104.18,32.76,10.4,50
11,0.55,0.348,104.19,32.78,7.6,50
11,0.55,0.374,104.21,32.77,7.0,50
11,0.55,0.399,104.21,32.77,8.9,50
11,0.55,0.424,104.23,32.76,6.9,50
11,0.55,0.449,104.22,32.79,4.9,50
11,0.55,0.473,104.21,32.78,8.0,50
11,0.55,0.498,104.20,32.79,5.0,50
11,0.55,0.524,104.19,32.77,8.5,50
11,0.55,0.550,104.18,32.78,7.1,50
11,0.55,0.574,104.17,32.79,8.5,50
11,0.55,0.599,104.18,32.77,10.2,50
11,0.55,0.624,104.18,32.77,6.1,50
11,0.55,0.649,104.16,32.77,5.8,50
11,0.55,0.673,104.17,32.76,6.4,50
11,0.55,0.698,104.17,32.77,8.9,50
11,0.55,0.722,104.20,32.76,6.6,50
11,0.55,0.747,104.18,32.75,5.7,50
11,0.55,0.772,104.20,32.73,1.5,50
11,0.55,0.796,104.23,32.77,3.5,50
11,0.55,0.821,104.30,32.75,0.7,50
11,0.55,0.846,104.37,32.73,0.8,50
11,0.55,0.872,104.54,32.78,5.0,50
11,0.55,0.896,104.61,32.78,358.3,50
11,0.55,0.921,104.93,32.79,3.5,50
11,0.55,0.946,105.07,32.77,0.3,50
11,0.55,0.970,105.46,32.77,3.5,50
11,0.55,0.995,105.66,32.74,5.5,50
11,0.55,1.020,106.13,32.71,12.1,50
11,0.55,1.046,106.44,32.66,2.9,50
11,0.55,1.071,107.03,32.66,0.6,50
11,0.55,1.096,107.35,32.65,359.0,50
11,0.55,1.121,108.08,32.68,3.6,50
11,0.55,1.145,108.44,32.69,1.0,50
11,0.55,1.170,109.28,32.74,358.5,50
11,0.55,1.196,109.70,32.75,356.6,50
11,0.55,1.220,110.54,32.77,359.3,50
11,0.55,1.247,110.99,32.77,354.4,50
11,0.55,1.272,111.88,32.74,3.7,50
11,0.55,1.296,112.39,32.75,10.8,50
11,0.55,1.322,113.44,32.74,11.3,50
11,0.55,1.347,113.97,32.76,6.1,50
11,0.55,1.371,114.99,32.81,3.6,50
11,0.55,1.396,115.53,32.84,2.7,50
11,0.55,1.422,116.68,32.80,358.5,50
11,0.55,1.446,117.24,32.76,1.3,50
11,0.55,1.471,118.40,32.66,344.3,50
11,0.55,1.496,118.99,32.66,343.7,50
11,0.55,1.521,120.15,32.76,357.4,50
11,0.55,1.547,120.74,32.82,3.7,50
11,0.55,1.571,121.81,33.04,5.9,50
11,0.55,1.596,122.30,33.14,2.3,50
11,0.55,1.621,123.22,33.33,354.0,50
11,0.55,1.646,123.71,33.41,348.2,50
11,0.55,1.671,124.82,33.51,359.9,50
11,0.55,1.695,125.33,33.56,1.7,50
11,0.55,1.720,126.40,33.54,3.3,50
11,0.55,1.745,126.97,33.53,5.8,50
11,0.55,1.770,128.12,33.48,3.2,50
11,0.55,1.794,128.63,33.44,2.0,50
11,0.55,1.819,129.77,33.27,2.0,50
11,0.55,1.844,130.38,33.15,10.8,50
11,0.55,1.869,131.51,33.10,355.0,50
11,0.55,1.894,132.10,33.06,1.4,50
11,0.55,1.918,133.28,33.12,0.5,50
11,0.55,1.943,133.88,33.15,358.2,50
11,0.55,1.968,134.40,33.25,0.2,50
11,0.55,1.993,135.52,33.43,5.0,50
11,0.55,2.018,136.72,33.60,2.4,50
11,0.55,2.043,137.35,33.63,360.0,50
11,0.55,2.067,137.91,33.67,359.8,50
11,0.55,2.092,140.34,33.89,341.7,50
11,0.55,2.117,140.92,33.96,333.3,50
11,0.55,2.142,141.50,34.02,333.4,50
11,0.55,2.167,142.09,34.08,337.5,50
11,0.55,2.192,142.67,34.19,2.1,50
11,0.55,2.217,143.31,34.23,338.1,50
11,0.55,2.244,144.49,34.28,9.3,50
11,0.55,2.270,145.03,34.27,346.4,50
11,0.55,2.294,146.19,34.26,352.3,50
11,0.55,2.319,146.80,34.14,355.7,50
11,0.55,2.344,147.93,33.99,359.8,50
11,0.55,2.369,148.51,33.94,2.9,50
11,0.55,2.393,149.70,33.81,3.2,50
11,0.55,2.418,150.89,33.78,11.9,50
11,0.55,2.443,151.49,33.80,4.3,50
11,0.55,2.468,152.07,33.78,360.0,50
11,0.55,2.492,153.24,33.84,358.8,50
11,0.55,2.517,154.43,33.97,349.9,50
11,0.55,2.542,155.07,34.05,7.6,50
11,0.55,2.567,155.68,34.10,10.3,50
11,0.55,2.591,156.84,34.19,8.3,50
11,0.55,2.616,157.43,34.21,359.3,50
11,0.55,2.641,158.74,34.21,0.3,50
11,0.55,2.666,159.36,34.13,1.4,50
12,0.6,0.025,196.98,34.65,177.8,50
12,0.6,0.051,196.98,34.63,178.0,50
12,0.6,0.077,197.02,34.63,178.8,50
12,0.6,0.102,197.01,34.65,178.6,50
12,0.6,0.127,197.03,34.62,180.2,50
12,0.6,0.152,197.01,34.64,177.8,50
12,0.6,0.177,197.03,34.63,181.8,50
12,0.6,0.203,196.99,34.65,180.2,50
12,0.6,0.228,196.98,34.65,180.0,50
12,0.6,0.253,196.94,34.65,178.3,50
12,0.6,0.278,196.95,34.64,177.4,50
12,0.6,0.304,196.93,34.66,180.1,50
12,0.6,0.329,196.94,34.66,179.1,50
12,0.6,0.355,196.97,34.65,178.1,50
12,0.6,0.380,196.92,34.65,177.2,50
12,0.6,0.405,196.93,34.66,179.2,50
12,0.6,0.431,196.92,34.66,177.2,50
12,0.6,0.456,196.93,34.65,182.0,50
12,0.6,0.482,196.95,34.65,178.1,50
12,0.6,0.507,196.95,34.64,177.0,50
12,0.6,0.533,196.96,34.66,178.8,50
12,0.6,0.558,196.96,34.66,177.2,50
12,0.6,0.583,196.98,34.63,180.0,50
12,0.6,0.608,196.99,34.67,181.4,50
12,0.6,0.633,197.02,34.64,185.1,50
12,0.6,0.659,197.01,34.65,190.0,50
12,0.6,0.684,197.01,34.64,192.9,50
12,0.6,0.709,196.95,34.62,192.8,50
12,0.6,0.734,196.84,34.61,192.7,50
12,0.6,0.761,196.75,34.63,192.0,50
12,0.6,0.786,196.58,34.64,186.9,50
12,0.6,0.811,196.31,34.66,188.4,50
12,0.6,0.836,196.13,34.66,187.4,50
12,0.6,0.861,195.99,34.68,182.1,50
12,0.6,0.887,195.58,34.65,190.1,50
12,0.6,0.912,195.08,34.62,179.4,50
12,0.6,0.937,194.82,34.59,184.1,50
12,0.6,0.963,194.20,34.61,190.6,50
12,0.6,0.988,193.85,34.63,183.4,50
12,0.6,1.014,193.08,34.66,174.1,50
12,0.6,1.039,192.67,34.74,177.7,50
12,0.6,1.064,191.89,34.82,195.1,50
12,0.6,1.089,191.43,34.80,179.5,50
12,0.6,1.115,190.55,34.75,200.9,50
12,0.6,1.140,190.16,34.70,197.5,50
12,0.6,1.165,189.17,34.64,196.2,50
12,0.6,1.191,188.69,34.61,196.2,50
12,0.6,1.216,187.67,34.64,193.5,50
12,0.6,1.241,187.15,34.68,187.8,50
12,0.6,1.267,186.11,34.79,183.9,50
12,0.6,1.292,185.57,34.83,184.2,50
12,0.6,1.317,184.48,34.93,174.0,50
12,0.6,1.343,183.92,35.00,175.4,50
12,0.6,1.368,182.81,35.09,169.8,50
12,0.6,1.393,182.27,35.08,174.9,50
12,0.6,1.419,181.10,35.05,174.9,50
12,0.6,1.444,180.50,35.03,171.6,50
12,0.6,1.473,179.35,34.91,164.9,50
12,0.6,1.499,178.20,34.90,168.2,50
12,0.6,1.524,177.64,34.89,172.3,50
12,0.6,1.549,176.49,34.82,171.8,50
12,0.6,1.575,175.84,34.82,176.1,50
12,0.6,1.600,174.69,34.82,179.2,50
12,0.6,1.625,174.10,34.82,185.8,50
12,0.6,1.650,172.92,34.89,174.5,50
12,0.6,1.676,172.37,34.89,178.9,50
12,0.6,1.701,171.26,34.89,176.9,50
12,0.6,1.727,170.68,34.87,177.9,50
12,0.6,1.754,169.46,34.89,173.3,50
12,0.6,1.779,168.92,34.87,184.8,50
12,0.6,1.804,167.68,34.88,202.7,50
12,0.6,1.829,167.12,34.83,181.4,50
12,0.6,1.854,165.95,34.72,190.1,50
12,0.6,1.879,164.77,34.60,189.8,50
12,0.6,1.904,164.18,34.57,192.0,50
12,0.6,1.929,162.99,34.46,187.3,50
12,0.6,1.954,162.45,34.41,184.9,50
12,0.6,1.980,161.25,34.29,177.0,50
12,0.6,2.005,160.68,34.21,177.7,50
12,0.6,2.030,159.49,34.02,175.4,50
12,0.6,2.056,158.89,33.89,177.7,50
12,0.6,2.081,157.72,33.71,172.2,50
12,0.6,2.106,157.13,33.63,172.1,50
12,0.6,2.131,155.93,33.55,172.0,50
12,0.6,2.157,155.34,33.54,171.2,50
12,0.6,2.183,154.28,33.57,174.7,50
12,0.6,2.208,153.70,33.57,176.9,50
12,0.6,2.234,152.54,33.58,172.0,50
12,0.6,2.259,151.99,33.64,174.1,50
12,0.6,2.285,150.90,33.73,176.7,50
12,0.6,2.310,150.31,33.83,179.2,50
12,0.6,2.335,149.16,34.03,177.4,50
12,0.6,2.360,148.59,34.11,186.9,50
12,0.6,2.386,147.32,34.26,183.9,50
12,0.6,2.411,146.72,34.30,187.2,50
12,0.6,2.437,145.54,34.33,188.9,50
12,0.6,2.464,144.91,34.27,187.2,50
12,0.6,2.490,143.61,34.12,184.9,50
12,0.6,2.515,143.03,34.01,188.1,50
12,0.6,2.541,141.77,33.82,182.9,50
12,0.6,2.566,140.51,33.58,189.6,50
12,0.6,2.591,139.88,33.46,186.8,50
12,0.6,2.616,138.56,33.23,185.9,50
12,0.6,2.641,137.93,33.12,187.8,50
12,0.6,2.667,136.66,32.94,187.2,50
