frame,t
0,1791234850.2132
1,1791234850.2292
2,1791234850.2452
3,1791234850.2652
4,1791234850.2812
5,1791234850.2972
6,1791234850.3132
7,1791234850.3292
8,1791234850.3452
9,1791234850.3652
10,1791234850.3812
11,1791234850.3972
12,1791234850.4132
13,1791234850.4292
14,1791234850.4452
15,1791234850.4652
16,1791234850.4812
17,1791234850.4972
18,1791234850.5132
19,1791234850.5292
20,1791234850.5452
21,1791234850.5652
22,1791234850.5812
23,1791234850.5972
24,1791234850.6132
25,1791234850.6292
26,1791234850.6492
27,1791234850.6652
28,1791234850.6812
29,1791234850.6972
30,1791234850.7132
31,1791234850.7292
32,1791234850.7492
33,1791234850.7652
34,1791234850.7812
35,1791234850.7972
36,1791234850.8132
37,1791234850.8292
38,1791234850.8492
39,1791234850.8653
40,1791234850.8812
41,1791234850.8973
42,1791234850.9132
43,1791234850.9293
44,1791234850.9492
45,1791234850.9652
46,1791234850.9812
47,1791234850.9972
48,1791234851.0132
49,1791234851.0293
50,1791234851.0493
51,1791234851.0652
52,1791234851.0812
53,1791234851.0972
54,1791234851.1132
55,1791234851.1292
56,1791234851.1492
57,1791234851.1652
58,1791234851.1812
59,1791234851.1973
60,1791234851.2132
61,1791234851.2293
62,1791234851.2492
63,1791234851.2652
64,1791234851.2812
65,1791234851.2972
66,1791234851.3133
67,1791234851.3292
68,1791234851.3493
69,1791234851.3653
70,1791234851.3812
71,1791234851.3973
72,1791234851.4132
73,1791234851.4332
74,1791234851.4492
75,1791234851.4652
76,1791234851.4812
77,1791234851.4972
78,1791234851.5132
79,1791234851.5333
80,1791234851.5493
81,1791234851.5652
82,1791234851.5812
83,1791234851.5972
84,1791234851.6132
85,1791234851.6332
86,1791234851.6493
87,1791234851.6652
88,1791234851.6813
89,1791234851.6972
90,1791234851.7132
91,1791234851.7333
92,1791234851.7492
93,1791234851.7653
94,1791234851.7812
95,1791234851.7973
96,1791234851.8133
97,1791234851.8333
98,1791234851.8493
99,1791234851.8653
100,1791234851.8813
101,1791234851.8973
102,1791234851.9132
103,1791234851.9333
104,1791234851.9493
105,1791234851.9653
106,1791234851.9813
107,1791234851.9973
108,1791234852.0132
109,1791234852.0334
110,1791234852.0493
111,1791234852.0653
112,1791234852.0812
113,1791234852.0973
114,1791234852.1173
115,1791234852.1333
116,1791234852.1493
117,1791234852.1653
118,1791234852.1813
119,1791234852.1972
120,1791234852.2173
121,1791234852.2333
122,1791234852.2492
123,1791234852.2652
124,1791234852.2813
125,1791234852.2973
126,1791234852.3173
127,1791234852.3333
128,1791234852.3493
129,1791234852.3653
130,1791234852.3813
131,1791234852.3972
132,1791234852.4173
133,1791234852.4333
134,1791234852.4493
135,1791234852.4653
136,1791234852.4813
137,1791234852.4973
138,1791234852.5173
139,1791234852.5333
140,1791234852.5493
141,1791234852.5653
142,1791234852.5813
143,1791234852.5973
144,1791234852.6173
145,1791234852.6333
146,1791234852.6493
147,1791234852.6653
148,1791234852.6813
149,1791234852.6973
150,1791234852.7173
151,1791234852.7333
152,1791234852.7493
153,1791234852.7653
154,1791234852.7813
155,1791234852.7973
156,1791234852.8173
157,1791234852.8333
158,1791234852.8493
159,1791234852.8653
160,1791234852.8813
161,1791234852.9013
162,1791234852.9173
163,1791234852.9334
164,1791234852.9493
165,1791234852.9653
166,1791234852.9813
167,1791234853.0013
168,1791234853.0173
169,1791234853.0335
170,1791234853.0494
171,1791234853.0653
172,1791234853.0813
173,1791234853.1013
174,1791234853.1173
175,1791234853.1333
176,1791234853.1493
177,1791234853.1653
178,1791234853.1813
179,1791234853.2013
180,1791234853.2173
181,1791234853.2333
182,1791234853.2493
183,1791234853.2653
184,1791234853.2813
185,1791234853.3013
186,1791234853.3173
187,1791234853.3333
188,1791234853.3493
189,1791234853.3653
190,1791234853.3813
191,1791234853.4013
192,1791234853.4173
193,1791234853.4333
194,1791234853.4493
195,1791234853.4653
196,1791234853.4813
197,1791234853.5013
198,1791234853.5173
199,1791234853.5334
200,1791234853.5494
201,1791234853.5653
202,1791234853.5853
203,1791234853.6013
204,1791234853.6173
205,1791234853.6333
206,1791234853.6493
207,1791234853.6654
208,1791234853.6853
209,1791234853.7013
210,1791234853.7173
211,1791234853.7333
212,1791234853.7493
213,1791234853.7653
214,1791234853.7854
215,1791234853.8013
216,1791234853.8173
217,1791234853.8334
218,1791234853.8494
219,1791234853.8653
220,1791234853.8854
221,1791234853.9013
222,1791234853.9173
223,1791234853.9334
224,1791234853.9494
225,1791234853.9654
226,1791234853.9853
227,1791234854.0014
228,1791234854.0173
229,1791234854.0335
230,1791234854.0494
231,1791234854.0654
232,1791234854.0853
233,1791234854.1013
234,1791234854.1174
235,1791234854.1334
236,1791234854.1493
237,1791234854.1653
238,1791234854.1853
239,1791234854.2014
240,1791234854.2173
241,1791234854.2334
242,1791234854.2494
243,1791234854.2653
244,1791234854.2854
245,1791234854.3014
246,1791234854.3173
247,1791234854.3333
248,1791234854.3494
249,1791234854.3694
250,1791234854.3854
251,1791234854.4014
252,1791234854.4173
253,1791234854.4333
254,1791234854.4493
255,1791234854.4694
256,1791234854.4854
257,1791234854.5014
258,1791234854.5174
259,1791234854.5333
260,1791234854.5494
261,1791234854.5694
262,1791234854.5854
263,1791234854.6014
264,1791234854.6174
265,1791234854.6334
266,1791234854.6494
267,1791234854.6694
268,1791234854.6854
269,1791234854.7014
270,1791234854.7174
271,1791234854.7334
272,1791234854.7493
273,1791234854.7694
274,1791234854.7854
275,1791234854.8014
276,1791234854.8174
277,1791234854.8334
278,1791234854.8494
279,1791234854.8694
280,1791234854.8854
281,1791234854.9014
282,1791234854.9174
283,1791234854.9335
284,1791234854.9494
285,1791234854.9694
286,1791234854.9854
287,1791234855.0014
288,1791234855.0174
289,1791234855.0335
290,1791234855.0534
291,1791234855.0694
292,1791234855.0854
293,1791234855.1014
294,1791234855.1175
295,1791234855.1334
296,1791234855.1534
297,1791234855.1694
298,1791234855.1854
299,1791234855.2014
300,1791234855.2174
301,1791234855.2334
302,1791234855.2534
303,1791234855.2694
304,1791234855.2854
305,1791234855.3014
306,1791234855.3174
307,1791234855.3334
308,1791234855.3534
309,1791234855.3694
310,1791234855.3854
311,1791234855.4014
312,1791234855.4174
313,1791234855.4334
314,1791234855.4535
315,1791234855.4694
316,1791234855.4854
317,1791234855.5014
318,1791234855.5175
319,1791234855.5334
320,1791234855.5534
321,1791234855.5694
322,1791234855.5854
323,1791234855.6014
324,1791234855.6174
325,1791234855.6334
326,1791234855.6534
327,1791234855.6694
328,1791234855.6854
329,1791234855.7015
330,1791234855.7174
331,1791234855.7334
332,1791234855.7534
333,1791234855.7694
334,1791234855.7854
335,1791234855.8015
336,1791234855.8174
337,1791234855.8374
338,1791234855.8534
339,1791234855.8695
340,1791234855.8854
341,1791234855.9015
342,1791234855.9174
343,1791234855.9375
344,1791234855.9534
345,1791234855.9695
346,1791234855.9854
347,1791234856.0015
348,1791234856.0175
349,1791234856.0375
350,1791234856.0535
351,1791234856.0695
352,1791234856.0854
353,1791234856.1014
354,1791234856.1174
355,1791234856.1375
356,1791234856.1534
357,1791234856.1695
358,1791234856.1854
359,1791234856.2014
360,1791234856.2175
361,1791234856.2374
362,1791234856.2535
363,1791234856.2695
364,1791234856.2854
365,1791234856.3014
366,1791234856.3174
367,1791234856.3374
368,1791234856.3535
369,1791234856.3695
370,1791234856.3855
371,1791234856.4015
372,1791234856.4175
373,1791234856.4374
374,1791234856.4534
375,1791234856.4695
376,1791234856.4855
377,1791234856.5015
378,1791234856.5214
379,1791234856.5375
380,1791234856.5534
381,1791234856.5695
382,1791234856.5855
383,1791234856.6015
384,1791234856.6214
385,1791234856.6374
386,1791234856.6534
387,1791234856.6695
388,1791234856.6855
389,1791234856.7015
390,1791234856.7214
391,1791234856.7374
392,1791234856.7535
393,1791234856.7694
394,1791234856.7855
395,1791234856.8015
396,1791234856.8215
397,1791234856.8375
398,1791234856.8535
399,1791234856.8695
400,1791234856.8855
401,1791234856.9015
402,1791234856.9215
403,1791234856.9375
404,1791234856.9535
405,1791234856.9695
406,1791234856.9855
407,1791234857.0015
408,1791234857.0218
409,1791234857.0376
410,1791234857.0535
411,1791234857.0695
412,1791234857.0855
413,1791234857.1015
414,1791234857.1215
415,1791234857.1375
416,1791234857.1535
417,1791234857.1695
418,1791234857.1855
419,1791234857.2015
420,1791234857.2215
421,1791234857.2375
422,1791234857.2535
423,1791234857.2695
424,1791234857.2855
425,1791234857.3055
426,1791234857.3215
427,1791234857.3375
428,1791234857.3535
429,1791234857.3695
430,1791234857.3855
431,1791234857.4055
432,1791234857.4215
433,1791234857.4375
434,1791234857.4535
435,1791234857.4695
436,1791234857.4855
437,1791234857.5055
438,1791234857.5215
439,1791234857.5375
440,1791234857.5535
441,1791234857.5695
442,1791234857.5855
443,1791234857.6055
444,1791234857.6215
445,1791234857.6375
446,1791234857.6535
447,1791234857.6695
448,1791234857.6855
449,1791234857.7055
450,1791234857.7215
451,1791234857.7375
452,1791234857.7535
453,1791234857.7695
454,1791234857.7855
455,1791234857.8056
456,1791234857.8215
457,1791234857.8375
458,1791234857.8535
459,1791234857.8695
460,1791234857.8855
461,1791234857.9055
462,1791234857.9215
463,1791234857.9375
464,1791234857.9535
465,1791234857.9695
466,1791234857.9895
467,1791234858.0055
468,1791234858.0229
469,1791234858.0376
470,1791234858.0535
471,1791234858.0695
472,1791234858.0895
473,1791234858.1055
474,1791234858.1215
475,1791234858.1375
476,1791234858.1535
477,1791234858.1695
478,1791234858.1895
479,1791234858.2055
480,1791234858.2215
481,1791234858.2375
482,1791234858.2535
483,1791234858.2696
484,1791234858.2896
485,1791234858.3055
486,1791234858.3215
487,1791234858.3375
488,1791234858.3535
489,1791234858.3696
490,1791234858.3896
491,1791234858.4055
492,1791234858.4215
493,1791234858.4376
494,1791234858.4535
495,1791234858.4695
496,1791234858.4896
497,1791234858.5055
498,1791234858.5216
499,1791234858.5375
500,1791234858.5535
501,1791234858.5695
502,1791234858.5896
503,1791234858.6056
504,1791234858.6215
505,1791234858.6376
506,1791234858.6535
507,1791234858.6695
508,1791234858.6895
509,1791234858.7056
510,1791234858.7216
511,1791234858.7376
512,1791234858.7535
513,1791234858.7735
514,1791234858.7895
515,1791234858.8056
516,1791234858.8216
517,1791234858.8376
518,1791234858.8536
519,1791234858.8736
520,1791234858.8896
521,1791234858.9056
522,1791234858.9216
523,1791234858.9376
524,1791234858.9536
525,1791234858.9736
526,1791234858.9895
527,1791234859.0056
528,1791234859.0219
529,1791234859.0376
530,1791234859.0536
531,1791234859.0736
532,1791234859.0896
533,1791234859.1056
534,1791234859.1216
535,1791234859.1376
536,1791234859.1536
537,1791234859.1736
538,1791234859.1896
539,1791234859.2056
540,1791234859.2216
541,1791234859.2376
542,1791234859.2536
543,1791234859.2736
544,1791234859.2896
545,1791234859.3056
546,1791234859.3216
547,1791234859.3376
548,1791234859.3536
549,1791234859.3736
550,1791234859.3896
551,1791234859.4056
552,1791234859.4217
553,1791234859.4376
554,1791234859.4576
555,1791234859.4736
556,1791234859.4896
557,1791234859.5056
558,1791234859.5216
559,1791234859.5376
560,1791234859.5576
561,1791234859.5736
562,1791234859.5896
563,1791234859.6056
564,1791234859.6216
565,1791234859.6376
566,1791234859.6576
567,1791234859.6736
568,1791234859.6896
569,1791234859.7056
570,1791234859.7216
571,1791234859.7376
572,1791234859.7576
573,1791234859.7736
574,1791234859.7896
575,1791234859.8056
576,1791234859.8217
577,1791234859.8376
578,1791234859.8576
579,1791234859.8736
580,1791234859.8896
581,1791234859.9057
582,1791234859.9217
583,1791234859.9376
584,1791234859.9576
585,1791234859.9736
586,1791234859.9896
587,1791234860.0056
588,1791234860.0219
589,1791234860.0377
590,1791234860.0576
591,1791234860.0736
592,1791234860.0896
593,1791234860.1057
594,1791234860.1217
595,1791234860.1376
596,1791234860.1576
597,1791234860.1736
598,1791234860.1896
599,1791234860.2056
600,1791234860.2216
601,1791234860.2416
602,1791234860.2576
603,1791234860.2736
604,1791234860.2896
605,1791234860.3056
606,1791234860.3216
607,1791234860.3416
608,1791234860.3576
609,1791234860.3736
610,1791234860.3897
611,1791234860.4056
612,1791234860.4217
613,1791234860.4417
614,1791234860.4576
615,1791234860.4736
616,1791234860.4896
617,1791234860.5057
618,1791234860.5217
619,1791234860.5416
620,1791234860.5576
621,1791234860.5736
622,1791234860.5896
623,1791234860.6056
624,1791234860.6217
625,1791234860.6417
626,1791234860.6576
627,1791234860.6736
628,1791234860.6896
629,1791234860.7056
630,1791234860.7216
631,1791234860.7417
632,1791234860.7576
633,1791234860.7736
634,1791234860.7896
635,1791234860.8056
636,1791234860.8216
637,1791234860.8417
638,1791234860.8577
639,1791234860.8736
640,1791234860.8896
641,1791234860.9057
642,1791234860.9258
643,1791234860.9417
644,1791234860.9577
645,1791234860.9737
646,1791234860.9897
647,1791234861.0057
648,1791234861.0257
649,1791234861.0417
650,1791234861.0577
651,1791234861.0737
652,1791234861.0897
653,1791234861.1057
654,1791234861.1256
655,1791234861.1417
656,1791234861.1576
657,1791234861.1737
658,1791234861.1897
659,1791234861.2057
660,1791234861.2257
661,1791234861.2417
662,1791234861.2576
663,1791234861.2738
664,1791234861.2897
665,1791234861.3057
666,1791234861.3257
667,1791234861.3417
668,1791234861.3577
669,1791234861.3737
670,1791234861.3897
671,1791234861.4057
672,1791234861.4257
673,1791234861.4417
674,1791234861.4577
675,1791234861.4737
676,1791234861.4897
677,1791234861.5057
678,1791234861.5257
679,1791234861.5417
680,1791234861.5577
681,1791234861.5737
682,1791234861.5897
683,1791234861.6097
684,1791234861.6257
685,1791234861.6417
686,1791234861.6577
687,1791234861.6737
688,1791234861.6897
689,1791234861.7097
690,1791234861.7258
691,1791234861.7417
692,1791234861.7577
693,1791234861.7737
694,1791234861.7897
695,1791234861.8097
696,1791234861.8257
697,1791234861.8417
698,1791234861.8577
699,1791234861.8737
700,1791234861.8897
701,1791234861.9097
702,1791234861.9258
703,1791234861.9417
704,1791234861.9577
705,1791234861.9737
706,1791234861.9897
707,1791234862.0097
708,1791234862.0258
709,1791234862.0418
710,1791234862.0577
711,1791234862.0738
712,1791234862.0897
713,1791234862.1097
714,1791234862.1257
715,1791234862.1417
716,1791234862.1577
717,1791234862.1738
718,1791234862.1897
719,1791234862.2097
720,1791234862.2257
721,1791234862.2417
722,1791234862.2577
723,1791234862.2737
724,1791234862.2898
725,1791234862.3097
726,1791234862.3257
727,1791234862.3417
728,1791234862.3577
729,1791234862.3737
730,1791234862.3937
731,1791234862.4097
732,1791234862.4257
733,1791234862.4418
734,1791234862.4578
735,1791234862.4737
736,1791234862.4938
737,1791234862.5097
738,1791234862.5258
739,1791234862.5417
740,1791234862.5578
741,1791234862.5737
742,1791234862.5937
743,1791234862.6097
744,1791234862.6257
745,1791234862.6418
746,1791234862.6577
747,1791234862.6737
748,1791234862.6937
749,1791234862.7097
750,1791234862.7257
751,1791234862.7418
752,1791234862.7578
753,1791234862.7737
754,1791234862.7937
755,1791234862.8097
756,1791234862.8257
757,1791234862.8417
758,1791234862.8578
759,1791234862.8737
760,1791234862.8938
761,1791234862.9097
762,1791234862.9258
763,1791234862.9418
764,1791234862.9578
765,1791234862.9738
766,1791234862.9937
767,1791234863.0098
768,1791234863.0258
769,1791234863.0418
770,1791234863.0578
771,1791234863.0778
772,1791234863.0938
773,1791234863.1098
774,1791234863.1258
775,1791234863.1418
776,1791234863.1577
777,1791234863.1778
778,1791234863.1937
779,1791234863.2098
780,1791234863.2258
781,1791234863.2418
782,1791234863.2577
783,1791234863.2778
784,1791234863.2938
785,1791234863.3098
786,1791234863.3258
787,1791234863.3418
788,1791234863.3578
789,1791234863.3777
790,1791234863.3938
791,1791234863.4098
792,1791234863.4258
793,1791234863.4418
794,1791234863.4578
795,1791234863.4778
796,1791234863.4938
797,1791234863.5098
798,1791234863.5258
799,1791234863.5418
800,1791234863.5578
801,1791234863.5778
802,1791234863.5938
803,1791234863.6098
804,1791234863.6258
805,1791234863.6418
806,1791234863.6578
807,1791234863.6778
808,1791234863.6938
809,1791234863.7098
810,1791234863.7258
811,1791234863.7418
812,1791234863.7578
813,1791234863.7778
814,1791234863.7938
815,1791234863.8098
816,1791234863.8258
817,1791234863.8418
818,1791234863.8618
819,1791234863.8778
820,1791234863.8938
821,1791234863.9098
822,1791234863.9259
823,1791234863.9418
824,1791234863.9618
825,1791234863.9778
826,1791234863.9938
827,1791234864.0098
828,1791234864.0259
829,1791234864.0419
830,1791234864.0618
831,1791234864.0778
832,1791234864.0938
833,1791234864.1098
834,1791234864.1258
835,1791234864.1418
836,1791234864.1618
837,1791234864.1778
838,1791234864.1938
839,1791234864.2098
840,1791234864.2258
841,1791234864.2418
842,1791234864.2618
843,1791234864.2778
844,1791234864.2938
845,1791234864.3098
846,1791234864.3258
847,1791234864.3418
848,1791234864.3618
849,1791234864.3778
850,1791234864.3938
851,1791234864.4098
852,1791234864.4259
853,1791234864.4418
854,1791234864.4618
855,1791234864.4779
856,1791234864.4938
857,1791234864.5098
858,1791234864.5258
859,1791234864.5458
860,1791234864.5618
861,1791234864.5778
862,1791234864.5938
863,1791234864.6098
864,1791234864.6258
865,1791234864.6458
866,1791234864.6618
867,1791234864.6778
868,1791234864.6939
869,1791234864.7099
870,1791234864.7258
871,1791234864.7459
872,1791234864.7619
873,1791234864.7778
874,1791234864.7938
875,1791234864.8098
876,1791234864.8258
877,1791234864.8458
878,1791234864.8618
879,1791234864.8779
880,1791234864.8939
881,1791234864.9098
882,1791234864.9259
883,1791234864.9459
884,1791234864.9619
885,1791234864.9779
886,1791234864.9939
887,1791234865.0099
888,1791234865.0259
889,1791234865.0459
890,1791234865.0619
891,1791234865.0779
892,1791234865.0939
893,1791234865.1099
894,1791234865.1259
895,1791234865.1459
896,1791234865.1618
897,1791234865.1778
898,1791234865.1938
899,1791234865.2099
900,1791234865.2258
901,1791234865.2458
902,1791234865.2618
903,1791234865.2778
904,1791234865.2938
905,1791234865.3098
906,1791234865.3299
907,1791234865.3459
908,1791234865.3618
909,1791234865.3778
910,1791234865.3938
911,1791234865.4099
912,1791234865.4299
913,1791234865.4459
914,1791234865.4619
915,1791234865.4779
916,1791234865.4939
917,1791234865.5099
918,1791234865.5299
919,1791234865.5459
920,1791234865.5619
921,1791234865.5779
922,1791234865.5939
923,1791234865.6099
924,1791234865.6299
925,1791234865.6459
926,1791234865.6619
927,1791234865.6779
928,1791234865.6939
929,1791234865.7099
930,1791234865.7299
931,1791234865.7459
932,1791234865.7619
933,1791234865.7779
934,1791234865.7939
935,1791234865.8099
936,1791234865.8299
937,1791234865.8459
938,1791234865.8619
939,1791234865.8779
940,1791234865.8939
941,1791234865.9099
942,1791234865.9300
943,1791234865.9459
944,1791234865.9619
945,1791234865.9779
946,1791234865.9940
947,1791234866.0139
948,1791234866.0299
949,1791234866.0459
950,1791234866.0619
951,1791234866.0779
952,1791234866.0939
953,1791234866.1139
954,1791234866.1299
955,1791234866.1459
956,1791234866.1619
957,1791234866.1779
958,1791234866.1939
959,1791234866.2139
960,1791234866.2299
961,1791234866.2459
962,1791234866.2619
963,1791234866.2779
964,1791234866.2939
965,1791234866.3139
966,1791234866.3299
967,1791234866.3459
968,1791234866.3619
969,1791234866.3779
970,1791234866.3939
971,1791234866.4139
972,1791234866.4299
973,1791234866.4460
974,1791234866.4619
975,1791234866.4780
976,1791234866.4939
977,1791234866.5139
978,1791234866.5299
979,1791234866.5459
980,1791234866.5620
981,1791234866.5779
982,1791234866.5939
983,1791234866.6139
984,1791234866.6299
985,1791234866.6459
986,1791234866.6620
987,1791234866.6779
988,1791234866.6939
989,1791234866.7140
990,1791234866.7299
991,1791234866.7459
992,1791234866.7619
993,1791234866.7780
994,1791234866.7979
995,1791234866.8139
996,1791234866.8299
997,1791234866.8459
998,1791234866.8619
999,1791234866.8779
1000,1791234866.8979
1001,1791234866.9140
1002,1791234866.9301
1003,1791234866.9460
1004,1791234866.9619
1005,1791234866.9780
1006,1791234866.9980
1007,1791234867.0140
1008,1791234867.0299
1009,1791234867.0459
1010,1791234867.0619
1011,1791234867.0780
1012,1791234867.0979
1013,1791234867.1140
1014,1791234867.1299
1015,1791234867.1459
1016,1791234867.1619
1017,1791234867.1779
1018,1791234867.1979
1019,1791234867.2139
1020,1791234867.2300
1021,1791234867.2459
1022,1791234867.2619
1023,1791234867.2779
1024,1791234867.2979
1025,1791234867.3140
1026,1791234867.3300
1027,1791234867.3460
1028,1791234867.3619
1029,1791234867.3779
1030,1791234867.3979
1031,1791234867.4139
1032,1791234867.4300
1033,1791234867.4460
1034,1791234867.4619
1035,1791234867.4819
1036,1791234867.4980
1037,1791234867.5140
1038,1791234867.5300
1039,1791234867.5460
1040,1791234867.5620
1041,1791234867.5820
1042,1791234867.5979
1043,1791234867.6139
1044,1791234867.6300
1045,1791234867.6459
1046,1791234867.6620
1047,1791234867.6820
1048,1791234867.6980
1049,1791234867.7140
1050,1791234867.7300
1051,1791234867.7460
1052,1791234867.7619
1053,1791234867.7820
1054,1791234867.7980
1055,1791234867.8140
1056,1791234867.8300
1057,1791234867.8460
1058,1791234867.8620
1059,1791234867.8819
1060,1791234867.8980
1061,1791234867.9140
1062,1791234867.9301
1063,1791234867.9460
1064,1791234867.9620
1065,1791234867.9820
1066,1791234867.9980
1067,1791234868.0140
1068,1791234868.0300
1069,1791234868.0460
1070,1791234868.0620
1071,1791234868.0820
1072,1791234868.0980
1073,1791234868.1140
1074,1791234868.1300
1075,1791234868.1460
1076,1791234868.1620
1077,1791234868.1820
1078,1791234868.1980
1079,1791234868.2140
1080,1791234868.2300
1081,1791234868.2460
1082,1791234868.2660
1083,1791234868.2820
1084,1791234868.2980
1085,1791234868.3140
1086,1791234868.3300
1087,1791234868.3460
1088,1791234868.3660
1089,1791234868.3820
1090,1791234868.3980
1091,1791234868.4140
1092,1791234868.4300
1093,1791234868.4460
1094,1791234868.4660
1095,1791234868.4820
1096,1791234868.4980
1097,1791234868.5140
1098,1791234868.5301
1099,1791234868.5460
1100,1791234868.5660
1101,1791234868.5820
1102,1791234868.5980
1103,1791234868.6140
1104,1791234868.6300
1105,1791234868.6460
1106,1791234868.6660
1107,1791234868.6821
1108,1791234868.6980
1109,1791234868.7140
1110,1791234868.7300
1111,1791234868.7460
1112,1791234868.7660
1113,1791234868.7820
1114,1791234868.7980
1115,1791234868.8140
1116,1791234868.8300
1117,1791234868.8460
1118,1791234868.8660
1119,1791234868.8820
1120,1791234868.8980
1121,1791234868.9140
1122,1791234868.9301
1123,1791234868.9500
1124,1791234868.9660
1125,1791234868.9820
1126,1791234868.9980
1127,1791234869.0141
1128,1791234869.0301
1129,1791234869.0500
1130,1791234869.0660
1131,1791234869.0820
1132,1791234869.0980
1133,1791234869.1140
1134,1791234869.1301
1135,1791234869.1501
1136,1791234869.1660
1137,1791234869.1820
1138,1791234869.1980
1139,1791234869.2140
1140,1791234869.2300
1141,1791234869.2500
1142,1791234869.2660
1143,1791234869.2820
1144,1791234869.2980
1145,1791234869.3140
1146,1791234869.3300
1147,1791234869.3500
1148,1791234869.3660
1149,1791234869.3820
1150,1791234869.3980
1151,1791234869.4140
1152,1791234869.4300
1153,1791234869.4501
1154,1791234869.4660
1155,1791234869.4821
1156,1791234869.4980
1157,1791234869.5141
1158,1791234869.5301
1159,1791234869.5501
1160,1791234869.5661
1161,1791234869.5821
1162,1791234869.5981
1163,1791234869.6141
1164,1791234869.6300
1165,1791234869.6500
1166,1791234869.6660
1167,1791234869.6821
1168,1791234869.6981
1169,1791234869.7141
1170,1791234869.7340
1171,1791234869.7501
1172,1791234869.7661
1173,1791234869.7821
1174,1791234869.7981
1175,1791234869.8141
1176,1791234869.8341
1177,1791234869.8501
1178,1791234869.8661
1179,1791234869.8821
1180,1791234869.8981
1181,1791234869.9141
1182,1791234869.9341
1183,1791234869.9501
1184,1791234869.9661
1185,1791234869.9821
1186,1791234869.9981
1187,1791234870.0141
1188,1791234870.0341
1189,1791234870.0501
1190,1791234870.0661
1191,1791234870.0821
1192,1791234870.0981
1193,1791234870.1141
1194,1791234870.1342
1195,1791234870.1501
1196,1791234870.1661
1197,1791234870.1821
1198,1791234870.1981
1199,1791234870.2141
1200,1791234870.2341
1201,1791234870.2501
1202,1791234870.2661
1203,1791234870.2821
1204,1791234870.2981
1205,1791234870.3141
1206,1791234870.3341
1207,1791234870.3501
1208,1791234870.3661
1209,1791234870.3821
1210,1791234870.3981
1211,1791234870.4181
1212,1791234870.4341
1213,1791234870.4501
1214,1791234870.4662
1215,1791234870.4821
1216,1791234870.4981
1217,1791234870.5181
1218,1791234870.5341
1219,1791234870.5501
1220,1791234870.5661
1221,1791234870.5821
1222,1791234870.5981
1223,1791234870.6181
1224,1791234870.6341
1225,1791234870.6501
1226,1791234870.6661
1227,1791234870.6821
1228,1791234870.6981
1229,1791234870.7181
1230,1791234870.7341
1231,1791234870.7501
1232,1791234870.7661
1233,1791234870.7821
1234,1791234870.7981
1235,1791234870.8181
1236,1791234870.8341
1237,1791234870.8501
1238,1791234870.8661
1239,1791234870.8821
1240,1791234870.8981
1241,1791234870.9181
1242,1791234870.9341
1243,1791234870.9501
1244,1791234870.9662
1245,1791234870.9821
1246,1791234870.9981
1247,1791234871.0181
1248,1791234871.0342
1249,1791234871.0502
1250,1791234871.0662
1251,1791234871.0821
1252,1791234871.0981
1253,1791234871.1181
1254,1791234871.1341
1255,1791234871.1501
1256,1791234871.1661
1257,1791234871.1821
1258,1791234871.2021
1259,1791234871.2181
1260,1791234871.2341
1261,1791234871.2501
1262,1791234871.2662
1263,1791234871.2821
1264,1791234871.3021
1265,1791234871.3181
1266,1791234871.3341
1267,1791234871.3501
1268,1791234871.3661
1269,1791234871.3821
1270,1791234871.4022
1271,1791234871.4181
1272,1791234871.4341
1273,1791234871.4501
1274,1791234871.4662
1275,1791234871.4822
1276,1791234871.5021
1277,1791234871.5182
1278,1791234871.5341
1279,1791234871.5501
1280,1791234871.5662
1281,1791234871.5822
1282,1791234871.6022
1283,1791234871.6181
1284,1791234871.6341
1285,1791234871.6501
1286,1791234871.6661
1287,1791234871.6821
1288,1791234871.7021
1289,1791234871.7182
1290,1791234871.7341
1291,1791234871.7501
1292,1791234871.7661
1293,1791234871.7822
1294,1791234871.8022
1295,1791234871.8182
1296,1791234871.8341
1297,1791234871.8502
1298,1791234871.8662
1299,1791234871.8862
1300,1791234871.9021
1301,1791234871.9182
1302,1791234871.9342
1303,1791234871.9502
1304,1791234871.9662
1305,1791234871.9862
1306,1791234872.0022
1307,1791234872.0182
1308,1791234872.0342
1309,1791234872.0502
1310,1791234872.0662
1311,1791234872.0862
1312,1791234872.1022
1313,1791234872.1182
1314,1791234872.1342
1315,1791234872.1502
1316,1791234872.1662
1317,1791234872.1862
1318,1791234872.2022
1319,1791234872.2182
1320,1791234872.2342
1321,1791234872.2502
1322,1791234872.2662
1323,1791234872.2862
1324,1791234872.3022
1325,1791234872.3182
1326,1791234872.3342
1327,1791234872.3502
1328,1791234872.3662
1329,1791234872.3862
1330,1791234872.4022
1331,1791234872.4182
1332,1791234872.4342
1333,1791234872.4502
1334,1791234872.4662
1335,1791234872.4862
1336,1791234872.5022
1337,1791234872.5182
1338,1791234872.5342
1339,1791234872.5502
1340,1791234872.5702
1341,1791234872.5862
1342,1791234872.6022
1343,1791234872.6182
1344,1791234872.6342
1345,1791234872.6502
1346,1791234872.6702
1347,1791234872.6862
1348,1791234872.7022
1349,1791234872.7182
1350,1791234872.7342
1351,1791234872.7502
1352,1791234872.7702
1353,1791234872.7862
1354,1791234872.8022
1355,1791234872.8182
1356,1791234872.8342
1357,1791234872.8502
1358,1791234872.8702
1359,1791234872.8862
1360,1791234872.9022
1361,1791234872.9182
1362,1791234872.9343
1363,1791234872.9502
1364,1791234872.9702
1365,1791234872.9862
1366,1791234873.0022
1367,1791234873.0182
1368,1791234873.0342
1369,1791234873.0502
1370,1791234873.0702
1371,1791234873.0863
1372,1791234873.1022
1373,1791234873.1182
1374,1791234873.1342
1375,1791234873.1502
1376,1791234873.1702
1377,1791234873.1862
1378,1791234873.2022
1379,1791234873.2182
1380,1791234873.2342
1381,1791234873.2502
1382,1791234873.2702
1383,1791234873.2862
1384,1791234873.3022
1385,1791234873.3182
1386,1791234873.3342
1387,1791234873.3542
1388,1791234873.3702
1389,1791234873.3863
1390,1791234873.4022
1391,1791234873.4182
1392,1791234873.4342
1393,1791234873.4542
1394,1791234873.4702
1395,1791234873.4863
1396,1791234873.5022
1397,1791234873.5183
1398,1791234873.5342
1399,1791234873.5542
1400,1791234873.5702
1401,1791234873.5863
1402,1791234873.6023
1403,1791234873.6182
1404,1791234873.6342
1405,1791234873.6542
1406,1791234873.6702
1407,1791234873.6862
1408,1791234873.7022
1409,1791234873.7183
1410,1791234873.7342
1411,1791234873.7542
1412,1791234873.7702
1413,1791234873.7863
1414,1791234873.8022
1415,1791234873.8182
1416,1791234873.8343
1417,1791234873.8542
1418,1791234873.8702
1419,1791234873.8863
1420,1791234873.9022
1421,1791234873.9182
1422,1791234873.9343
1423,1791234873.9543
1424,1791234873.9703
1425,1791234873.9863
1426,1791234874.0023
1427,1791234874.0183
1428,1791234874.0382
1429,1791234874.0543
1430,1791234874.0703
1431,1791234874.0863
1432,1791234874.1023
1433,1791234874.1183
1434,1791234874.1382
1435,1791234874.1543
1436,1791234874.1703
1437,1791234874.1863
1438,1791234874.2023
1439,1791234874.2183
1440,1791234874.2382
1441,1791234874.2542
1442,1791234874.2703
1443,1791234874.2863
1444,1791234874.3023
1445,1791234874.3183
1446,1791234874.3382
1447,1791234874.3542
1448,1791234874.3703
1449,1791234874.3863
1450,1791234874.4023
1451,1791234874.4183
1452,1791234874.4383
1453,1791234874.4543
1454,1791234874.4703
1455,1791234874.4863
1456,1791234874.5023
1457,1791234874.5183
1458,1791234874.5383
1459,1791234874.5543
1460,1791234874.5703
1461,1791234874.5863
1462,1791234874.6023
1463,1791234874.6183
1464,1791234874.6383
1465,1791234874.6543
1466,1791234874.6703
1467,1791234874.6863
1468,1791234874.7023
1469,1791234874.7183
1470,1791234874.7383
1471,1791234874.7543
1472,1791234874.7703
1473,1791234874.7863
1474,1791234874.8023
1475,1791234874.8223
1476,1791234874.8383
1477,1791234874.8543
1478,1791234874.8703
1479,1791234874.8863
1480,1791234874.9023
1481,1791234874.9223
1482,1791234874.9383
1483,1791234874.9543
1484,1791234874.9703
1485,1791234874.9863
1486,1791234875.0024
1487,1791234875.0224
1488,1791234875.0384
1489,1791234875.0543
1490,1791234875.0704
1491,1791234875.0863
1492,1791234875.1024
1493,1791234875.1223
1494,1791234875.1383
1495,1791234875.1543
1496,1791234875.1703
1497,1791234875.1864
1498,1791234875.2023
1499,1791234875.2223
1500,1791234875.2383
1501,1791234875.2543
1502,1791234875.2703
1503,1791234875.2863
1504,1791234875.3023
1505,1791234875.3223
1506,1791234875.3383
1507,1791234875.3543
1508,1791234875.3703
1509,1791234875.3864
1510,1791234875.4023
1511,1791234875.4223
1512,1791234875.4383
1513,1791234875.4543
1514,1791234875.4703
1515,1791234875.4864
1516,1791234875.5063
1517,1791234875.5223
1518,1791234875.5383
1519,1791234875.5543
1520,1791234875.5703
1521,1791234875.5863
1522,1791234875.6063
1523,1791234875.6224
1524,1791234875.6383
1525,1791234875.6543
1526,1791234875.6703
1527,1791234875.6863
1528,1791234875.7063
1529,1791234875.7223
1530,1791234875.7383
1531,1791234875.7543
1532,1791234875.7703
1533,1791234875.7864
1534,1791234875.8063
1535,1791234875.8224
1536,1791234875.8384
1537,1791234875.8543
1538,1791234875.8703
1539,1791234875.8863
1540,1791234875.9063
1541,1791234875.9223
1542,1791234875.9384
1543,1791234875.9544
1544,1791234875.9703
1545,1791234875.9863
1546,1791234876.0063
1547,1791234876.0224
1548,1791234876.0384
1549,1791234876.0544
1550,1791234876.0704
1551,1791234876.0864
1552,1791234876.1063
1553,1791234876.1224
1554,1791234876.1384
1555,1791234876.1544
1556,1791234876.1703
1557,1791234876.1864
1558,1791234876.2064
1559,1791234876.2224
1560,1791234876.2383
1561,1791234876.2543
1562,1791234876.2704
1563,1791234876.2904
1564,1791234876.3063
1565,1791234876.3224
1566,1791234876.3383
1567,1791234876.3544
1568,1791234876.3703
1569,1791234876.3904
1570,1791234876.4064
1571,1791234876.4223
1572,1791234876.4384
1573,1791234876.4544
1574,1791234876.4704
1575,1791234876.4904
1576,1791234876.5063
1577,1791234876.5224
1578,1791234876.5384
1579,1791234876.5544
1580,1791234876.5704
1581,1791234876.5904
1582,1791234876.6064
1583,1791234876.6224
1584,1791234876.6384
1585,1791234876.6544
1586,1791234876.6704
1587,1791234876.6904
1588,1791234876.7064
1589,1791234876.7224
1590,1791234876.7384
1591,1791234876.7544
1592,1791234876.7704
1593,1791234876.7904
1594,1791234876.8064
1595,1791234876.8224
1596,1791234876.8384
1597,1791234876.8544
1598,1791234876.8704
1599,1791234876.8904
1600,1791234876.9064
1601,1791234876.9224
1602,1791234876.9384
1603,1791234876.9544
1604,1791234876.9744
1605,1791234876.9904
1606,1791234877.0064
1607,1791234877.0224
1608,1791234877.0384
1609,1791234877.0544
1610,1791234877.0744
1611,1791234877.0904
1612,1791234877.1065
1613,1791234877.1224
1614,1791234877.1384
1615,1791234877.1544
1616,1791234877.1744
1617,1791234877.1904
1618,1791234877.2064
1619,1791234877.2224
1620,1791234877.2384
1621,1791234877.2544
1622,1791234877.2744
1623,1791234877.2904
1624,1791234877.3064
1625,1791234877.3224
1626,1791234877.3384
1627,1791234877.3544
1628,1791234877.3744
1629,1791234877.3904
1630,1791234877.4064
1631,1791234877.4224
1632,1791234877.4384
1633,1791234877.4544
1634,1791234877.4744
1635,1791234877.4904
1636,1791234877.5064
1637,1791234877.5225
1638,1791234877.5384
1639,1791234877.5544
1640,1791234877.5744
1641,1791234877.5904
1642,1791234877.6064
1643,1791234877.6224
1644,1791234877.6385
1645,1791234877.6544
1646,1791234877.6744
1647,1791234877.6904
1648,1791234877.7064
1649,1791234877.7224
1650,1791234877.7384
1651,1791234877.7584
1652,1791234877.7744
1653,1791234877.7904
1654,1791234877.8064
1655,1791234877.8224
1656,1791234877.8384
1657,1791234877.8584
1658,1791234877.8744
1659,1791234877.8904
1660,1791234877.9064
1661,1791234877.9224
1662,1791234877.9385
1663,1791234877.9584
1664,1791234877.9745
1665,1791234877.9904
1666,1791234878.0064
1667,1791234878.0224
1668,1791234878.0384
1669,1791234878.0584
1670,1791234878.0744
1671,1791234878.0905
1672,1791234878.1064
1673,1791234878.1225
1674,1791234878.1385
1675,1791234878.1584
1676,1791234878.1745
1677,1791234878.1904
1678,1791234878.2071
1679,1791234878.2225
1680,1791234878.2384
1681,1791234878.2585
1682,1791234878.2744
1683,1791234878.2904
1684,1791234878.3065
1685,1791234878.3225
1686,1791234878.3384
1687,1791234878.3584
1688,1791234878.3744
1689,1791234878.3904
1690,1791234878.4064
1691,1791234878.4225
1692,1791234878.4424
1693,1791234878.4584
1694,1791234878.4744
1695,1791234878.4905
1696,1791234878.5064
1697,1791234878.5225
1698,1791234878.5425
1699,1791234878.5585
1700,1791234878.5745
1701,1791234878.5904
1702,1791234878.6065
1703,1791234878.6224
1704,1791234878.6425
1705,1791234878.6585
1706,1791234878.6744
1707,1791234878.6905
1708,1791234878.7065
1709,1791234878.7225
1710,1791234878.7424
1711,1791234878.7585
1712,1791234878.7745
1713,1791234878.7905
1714,1791234878.8065
1715,1791234878.8225
1716,1791234878.8424
1717,1791234878.8585
1718,1791234878.8745
1719,1791234878.8905
1720,1791234878.9065
1721,1791234878.9225
1722,1791234878.9425
1723,1791234878.9585
1724,1791234878.9745
1725,1791234878.9905
1726,1791234879.0065
1727,1791234879.0225
1728,1791234879.0425
1729,1791234879.0585
1730,1791234879.0745
1731,1791234879.0905
1732,1791234879.1065
1733,1791234879.1225
1734,1791234879.1425
1735,1791234879.1585
1736,1791234879.1745
1737,1791234879.1905
1738,1791234879.2065
1739,1791234879.2265
1740,1791234879.2425
1741,1791234879.2585
1742,1791234879.2745
1743,1791234879.2905
1744,1791234879.3065
1745,1791234879.3265
1746,1791234879.3425
1747,1791234879.3585
1748,1791234879.3745
1749,1791234879.3905
1750,1791234879.4065
1751,1791234879.4265
1752,1791234879.4425
1753,1791234879.4585
1754,1791234879.4745
1755,1791234879.4905
1756,1791234879.5065
1757,1791234879.5265
1758,1791234879.5425
1759,1791234879.5585
1760,1791234879.5745
1761,1791234879.5905
1762,1791234879.6065
1763,1791234879.6265
1764,1791234879.6425
1765,1791234879.6586
1766,1791234879.6745
1767,1791234879.6905
1768,1791234879.7065
1769,1791234879.7265
1770,1791234879.7425
1771,1791234879.7586
1772,1791234879.7745
1773,1791234879.7905
1774,1791234879.8065
1775,1791234879.8265
1776,1791234879.8425
1777,1791234879.8585
1778,1791234879.8746
1779,1791234879.8905
1780,1791234879.9105
1781,1791234879.9266
1782,1791234879.9425
1783,1791234879.9585
1784,1791234879.9746
1785,1791234879.9905
1786,1791234880.0105
1787,1791234880.0265
1788,1791234880.0425
1789,1791234880.0585
1790,1791234880.0745
1791,1791234880.0906
1792,1791234880.1105
1793,1791234880.1266
1794,1791234880.1425
1795,1791234880.1586
1796,1791234880.1746
1797,1791234880.1906
1798,1791234880.2106
1799,1791234880.2265
1800,1791234880.2425
1801,1791234880.2585
1802,1791234880.2745
1803,1791234880.2905
1804,1791234880.3105
1805,1791234880.3266
1806,1791234880.3425
1807,1791234880.3585
1808,1791234880.3745
1809,1791234880.3905
1810,1791234880.4105
1811,1791234880.4265
1812,1791234880.4426
1813,1791234880.4585
1814,1791234880.4746
1815,1791234880.4905
1816,1791234880.5105
1817,1791234880.5266
1818,1791234880.5425
1819,1791234880.5586
1820,1791234880.5746
1821,1791234880.5905
1822,1791234880.6105
1823,1791234880.6265
1824,1791234880.6425
1825,1791234880.6586
1826,1791234880.6746
1827,1791234880.6946
1828,1791234880.7106
1829,1791234880.7266
1830,1791234880.7425
1831,1791234880.7586
1832,1791234880.7746
1833,1791234880.7946
1834,1791234880.8105
1835,1791234880.8265
1836,1791234880.8425
1837,1791234880.8585
1838,1791234880.8745
1839,1791234880.8946
1840,1791234880.9105
1841,1791234880.9267
1842,1791234880.9426
1843,1791234880.9586
1844,1791234880.9746
1845,1791234880.9946
1846,1791234881.0106
1847,1791234881.0266
1848,1791234881.0426
1849,1791234881.0586
1850,1791234881.0746
1851,1791234881.0946
1852,1791234881.1106
1853,1791234881.1266
1854,1791234881.1426
1855,1791234881.1586
1856,1791234881.1746
1857,1791234881.1946
1858,1791234881.2106
1859,1791234881.2266
1860,1791234881.2426
1861,1791234881.2586
1862,1791234881.2746
1863,1791234881.2946
1864,1791234881.3106
1865,1791234881.3266
1866,1791234881.3426
1867,1791234881.3586
1868,1791234881.3786
1869,1791234881.3946
1870,1791234881.4106
1871,1791234881.4266
1872,1791234881.4426
1873,1791234881.4586
1874,1791234881.4786
1875,1791234881.4946
1876,1791234881.5106
1877,1791234881.5266
1878,1791234881.5426
1879,1791234881.5586
1880,1791234881.5786
1881,1791234881.5946
1882,1791234881.6106
1883,1791234881.6266
1884,1791234881.6426
1885,1791234881.6586
1886,1791234881.6786
1887,1791234881.6946
1888,1791234881.7106
1889,1791234881.7266
1890,1791234881.7426
1891,1791234881.7586
1892,1791234881.7786
1893,1791234881.7946
1894,1791234881.8106
1895,1791234881.8266
1896,1791234881.8426
1897,1791234881.8586
1898,1791234881.8786
1899,1791234881.8946
1900,1791234881.9106
1901,1791234881.9267
1902,1791234881.9426
1903,1791234881.9586
1904,1791234881.9786
1905,1791234881.9946
1906,1791234882.0106
1907,1791234882.0266
1908,1791234882.0426
1909,1791234882.0586
1910,1791234882.0786
1911,1791234882.0946
1912,1791234882.1106
1913,1791234882.1266
1914,1791234882.1427
1915,1791234882.1626
1916,1791234882.1786
1917,1791234882.1946
1918,1791234882.2107
1919,1791234882.2267
1920,1791234882.2426
1921,1791234882.2626
1922,1791234882.2786
1923,1791234882.2946
1924,1791234882.3106
1925,1791234882.3267
1926,1791234882.3427
1927,1791234882.3626
1928,1791234882.3786
1929,1791234882.3946
1930,1791234882.4106
1931,1791234882.4266
1932,1791234882.4426
1933,1791234882.4627
1934,1791234882.4786
1935,1791234882.4947
1936,1791234882.5107
1937,1791234882.5267
1938,1791234882.5426
1939,1791234882.5627
1940,1791234882.5787
1941,1791234882.5946
1942,1791234882.6106
1943,1791234882.6266
1944,1791234882.6426
1945,1791234882.6626
1946,1791234882.6787
1947,1791234882.6946
1948,1791234882.7107
1949,1791234882.7267
1950,1791234882.7427
1951,1791234882.7627
1952,1791234882.7787
1953,1791234882.7947
1954,1791234882.8107
1955,1791234882.8266
1956,1791234882.8466
1957,1791234882.8626
1958,1791234882.8787
1959,1791234882.8947
1960,1791234882.9107
1961,1791234882.9267
1962,1791234882.9467
1963,1791234882.9626
1964,1791234882.9787
1965,1791234882.9947
1966,1791234883.0107
1967,1791234883.0267
1968,1791234883.0467
1969,1791234883.0627
1970,1791234883.0787
1971,1791234883.0947
1972,1791234883.1107
1973,1791234883.1267
1974,1791234883.1467
1975,1791234883.1627
1976,1791234883.1787
1977,1791234883.1947
1978,1791234883.2107
1979,1791234883.2268
1980,1791234883.2467
1981,1791234883.2627
1982,1791234883.2787
1983,1791234883.2947
1984,1791234883.3107
1985,1791234883.3267
1986,1791234883.3467
1987,1791234883.3627
1988,1791234883.3787
1989,1791234883.3947
1990,1791234883.4107
1991,1791234883.4267
1992,1791234883.4467
1993,1791234883.4627
1994,1791234883.4787
1995,1791234883.4947
1996,1791234883.5107
1997,1791234883.5307
1998,1791234883.5467
1999,1791234883.5627
2000,1791234883.5787
2001,1791234883.5947
2002,1791234883.6107
2003,1791234883.6307
2004,1791234883.6467
2005,1791234883.6627
2006,1791234883.6788
2007,1791234883.6947
2008,1791234883.7107
2009,1791234883.7307
2010,1791234883.7467
2011,1791234883.7627
2012,1791234883.7787
2013,1791234883.7947
2014,1791234883.8107
2015,1791234883.8307
2016,1791234883.8467
2017,1791234883.8627
2018,1791234883.8787
2019,1791234883.8947
2020,1791234883.9108
2021,1791234883.9308
2022,1791234883.9467
2023,1791234883.9627
2024,1791234883.9787
2025,1791234883.9947
2026,1791234884.0107
2027,1791234884.0307
2028,1791234884.0467
2029,1791234884.0627
2030,1791234884.0787
2031,1791234884.0947
2032,1791234884.1107
2033,1791234884.1308
2034,1791234884.1467
2035,1791234884.1627
2036,1791234884.1787
2037,1791234884.1947
2038,1791234884.2107
2039,1791234884.2307
2040,1791234884.2468
2041,1791234884.2627
2042,1791234884.2787
2043,1791234884.2947
2044,1791234884.3147
2045,1791234884.3308
2046,1791234884.3467
2047,1791234884.3628
2048,1791234884.3787
2049,1791234884.3947
2050,1791234884.4147
2051,1791234884.4307
2052,1791234884.4467
2053,1791234884.4627
2054,1791234884.4788
2055,1791234884.4948
2056,1791234884.5148
2057,1791234884.5307
2058,1791234884.5467
2059,1791234884.5627
2060,1791234884.5788
2061,1791234884.5947
2062,1791234884.6147
2063,1791234884.6307
2064,1791234884.6467
2065,1791234884.6627
2066,1791234884.6788
2067,1791234884.6948
2068,1791234884.7147
2069,1791234884.7307
2070,1791234884.7468
2071,1791234884.7627
2072,1791234884.7788
2073,1791234884.7947
2074,1791234884.8148
2075,1791234884.8308
2076,1791234884.8467
2077,1791234884.8627
2078,1791234884.8787
2079,1791234884.8948
2080,1791234884.9147
2081,1791234884.9308
2082,1791234884.9468
2083,1791234884.9628
2084,1791234884.9787
2085,1791234884.9988
2086,1791234885.0148
2087,1791234885.0308
2088,1791234885.0468
2089,1791234885.0628
2090,1791234885.0788
2091,1791234885.0987
2092,1791234885.1148
2093,1791234885.1307
2094,1791234885.1468
2095,1791234885.1628
2096,1791234885.1788
2097,1791234885.1988
2098,1791234885.2148
2099,1791234885.2308
2100,1791234885.2468
2101,1791234885.2628
2102,1791234885.2788
2103,1791234885.2988
2104,1791234885.3148
2105,1791234885.3308
2106,1791234885.3468
2107,1791234885.3628
2108,1791234885.3788
2109,1791234885.3988
2110,1791234885.4148
2111,1791234885.4308
2112,1791234885.4468
2113,1791234885.4628
2114,1791234885.4788
2115,1791234885.4988
2116,1791234885.5148
2117,1791234885.5308
2118,1791234885.5468
2119,1791234885.5628
2120,1791234885.5789
2121,1791234885.5988
2122,1791234885.6148
2123,1791234885.6308
2124,1791234885.6468
2125,1791234885.6628
2126,1791234885.6788
2127,1791234885.6988
2128,1791234885.7148
2129,1791234885.7308
2130,1791234885.7468
2131,1791234885.7628
2132,1791234885.7828
2133,1791234885.7988
2134,1791234885.8148
2135,1791234885.8308
2136,1791234885.8468
2137,1791234885.8628
2138,1791234885.8828
2139,1791234885.8988
2140,1791234885.9148
2141,1791234885.9309
2142,1791234885.9468
2143,1791234885.9628
2144,1791234885.9828
2145,1791234885.9988
2146,1791234886.0148
2147,1791234886.0308
2148,1791234886.0469
2149,1791234886.0629
2150,1791234886.0829
2151,1791234886.0988
2152,1791234886.1148
2153,1791234886.1308
2154,1791234886.1468
2155,1791234886.1629
2156,1791234886.1828
2157,1791234886.1988
2158,1791234886.2148
2159,1791234886.2308
2160,1791234886.2469
2161,1791234886.2628
2162,1791234886.2828
2163,1791234886.2988
2164,1791234886.3148
2165,1791234886.3308
2166,1791234886.3468
2167,1791234886.3628
2168,1791234886.3828
2169,1791234886.3988
2170,1791234886.4148
2171,1791234886.4308
2172,1791234886.4468
2173,1791234886.4668
2174,1791234886.4828
2175,1791234886.4988
2176,1791234886.5149
2177,1791234886.5308
2178,1791234886.5468
2179,1791234886.5668
2180,1791234886.5828
2181,1791234886.5988
2182,1791234886.6148
2183,1791234886.6308
2184,1791234886.6468
2185,1791234886.6668
2186,1791234886.6828
2187,1791234886.6988
2188,1791234886.7149
2189,1791234886.7308
2190,1791234886.7469
2191,1791234886.7668
2192,1791234886.7829
2193,1791234886.7988
2194,1791234886.8148
2195,1791234886.8309
2196,1791234886.8468
2197,1791234886.8669
2198,1791234886.8828
2199,1791234886.8988
2200,1791234886.9148
2201,1791234886.9309
2202,1791234886.9469
2203,1791234886.9669
2204,1791234886.9828
2205,1791234886.9988
2206,1791234887.0149
2207,1791234887.0308
2208,1791234887.0468
2209,1791234887.0669
2210,1791234887.0829
2211,1791234887.0988
2212,1791234887.1149
2213,1791234887.1308
2214,1791234887.1469
2215,1791234887.1669
2216,1791234887.1829
2217,1791234887.1988
2218,1791234887.2149
2219,1791234887.2308
2220,1791234887.2508
2221,1791234887.2669
2222,1791234887.2828
2223,1791234887.2989
2224,1791234887.3149
2225,1791234887.3309
2226,1791234887.3509
2227,1791234887.3669
2228,1791234887.3829
2229,1791234887.3989
2230,1791234887.4149
2231,1791234887.4308
2232,1791234887.4509
2233,1791234887.4668
2234,1791234887.4829
2235,1791234887.4989
2236,1791234887.5149
2237,1791234887.5309
2238,1791234887.5509
2239,1791234887.5669
2240,1791234887.5829
2241,1791234887.5989
2242,1791234887.6149
2243,1791234887.6309
2244,1791234887.6509
2245,1791234887.6669
2246,1791234887.6829
2247,1791234887.6989
2248,1791234887.7149
2249,1791234887.7309
2250,1791234887.7509
2251,1791234887.7669
2252,1791234887.7829
2253,1791234887.7989
2254,1791234887.8149
2255,1791234887.8309
2256,1791234887.8509
2257,1791234887.8669
2258,1791234887.8830
2259,1791234887.8989
2260,1791234887.9149
2261,1791234887.9349
2262,1791234887.9509
2263,1791234887.9669
2264,1791234887.9829
2265,1791234887.9989
2266,1791234888.0149
2267,1791234888.0349
2268,1791234888.0509
2269,1791234888.0669
2270,1791234888.0829
2271,1791234888.0989
2272,1791234888.1149
2273,1791234888.1349
2274,1791234888.1509
2275,1791234888.1669
2276,1791234888.1829
2277,1791234888.1989
2278,1791234888.2149
2279,1791234888.2349
2280,1791234888.2509
2281,1791234888.2669
2282,1791234888.2829
2283,1791234888.2989
2284,1791234888.3149
2285,1791234888.3349
2286,1791234888.3509
2287,1791234888.3669
2288,1791234888.3829
2289,1791234888.3989
2290,1791234888.4149
2291,1791234888.4350
2292,1791234888.4509
2293,1791234888.4669
2294,1791234888.4829
2295,1791234888.4989
2296,1791234888.5149
2297,1791234888.5349
2298,1791234888.5509
2299,1791234888.5669
2300,1791234888.5829
2301,1791234888.5990
2302,1791234888.6149
2303,1791234888.6349
2304,1791234888.6509
2305,1791234888.6669
2306,1791234888.6829
2307,1791234888.6989
2308,1791234888.7189
2309,1791234888.7349
2310,1791234888.7509
2311,1791234888.7669
2312,1791234888.7829
2313,1791234888.7989
2314,1791234888.8189
2315,1791234888.8349
2316,1791234888.8509
2317,1791234888.8669
2318,1791234888.8829
2319,1791234888.8989
2320,1791234888.9189
2321,1791234888.9350
2322,1791234888.9509
2323,1791234888.9670
2324,1791234888.9829
2325,1791234888.9989
2326,1791234889.0189
2327,1791234889.0349
2328,1791234889.0509
2329,1791234889.0670
2330,1791234889.0829
2331,1791234889.0989
2332,1791234889.1189
2333,1791234889.1349
2334,1791234889.1509
2335,1791234889.1669
2336,1791234889.1830
2337,1791234889.1990
2338,1791234889.2189
2339,1791234889.2349
2340,1791234889.2509
2341,1791234889.2670
2342,1791234889.2830
2343,1791234889.2989
2344,1791234889.3189
2345,1791234889.3349
2346,1791234889.3509
2347,1791234889.3669
2348,1791234889.3830
2349,1791234889.4030
2350,1791234889.4190
2351,1791234889.4350
2352,1791234889.4510
2353,1791234889.4669
2354,1791234889.4830
2355,1791234889.5030
2356,1791234889.5190
2357,1791234889.5350
2358,1791234889.5510
2359,1791234889.5670
2360,1791234889.5829
2361,1791234889.6029
2362,1791234889.6190
2363,1791234889.6350
2364,1791234889.6509
2365,1791234889.6669
2366,1791234889.6830
2367,1791234889.7029
2368,1791234889.7190
2369,1791234889.7350
2370,1791234889.7510
2371,1791234889.7670
2372,1791234889.7830
2373,1791234889.8030
2374,1791234889.8190
2375,1791234889.8350
2376,1791234889.8510
2377,1791234889.8670
2378,1791234889.8830
2379,1791234889.9030
2380,1791234889.9190
2381,1791234889.9350
2382,1791234889.9510
2383,1791234889.9670
2384,1791234889.9830
2385,1791234890.0030
2386,1791234890.0191
2387,1791234890.0350
2388,1791234890.0510
2389,1791234890.0670
2390,1791234890.0830
2391,1791234890.1030
2392,1791234890.1191
2393,1791234890.1350
2394,1791234890.1510
2395,1791234890.1670
2396,1791234890.1870
2397,1791234890.2030
2398,1791234890.2190
2399,1791234890.2350
2400,1791234890.2510
2401,1791234890.2670
2402,1791234890.2870
2403,1791234890.3030
2404,1791234890.3190
2405,1791234890.3350
2406,1791234890.3510
2407,1791234890.3670
2408,1791234890.3870
2409,1791234890.4030
2410,1791234890.4190
2411,1791234890.4350
2412,1791234890.4510
2413,1791234890.4670
2414,1791234890.4870
2415,1791234890.5030
2416,1791234890.5190
2417,1791234890.5350
2418,1791234890.5510
2419,1791234890.5670
2420,1791234890.5870
2421,1791234890.6030
2422,1791234890.6190
2423,1791234890.6350
2424,1791234890.6510
2425,1791234890.6670
2426,1791234890.6870
2427,1791234890.7030
2428,1791234890.7190
2429,1791234890.7350
2430,1791234890.7510
2431,1791234890.7670
2432,1791234890.7870
2433,1791234890.8030
2434,1791234890.8190
2435,1791234890.8350
2436,1791234890.8511
2437,1791234890.8710
2438,1791234890.8870
2439,1791234890.9030
2440,1791234890.9190
2441,1791234890.9351
2442,1791234890.9510
2443,1791234890.9711
2444,1791234890.9870
2445,1791234891.0030
2446,1791234891.0191
2447,1791234891.0350
2448,1791234891.0510
2449,1791234891.0710
2450,1791234891.0870
2451,1791234891.1030
2452,1791234891.1190
2453,1791234891.1350
2454,1791234891.1510
2455,1791234891.1710
2456,1791234891.1871
2457,1791234891.2030
2458,1791234891.2190
2459,1791234891.2350
2460,1791234891.2510
2461,1791234891.2710
2462,1791234891.2871
2463,1791234891.3031
2464,1791234891.3190
2465,1791234891.3350
2466,1791234891.3510
2467,1791234891.3710
2468,1791234891.3871
2469,1791234891.4031
2470,1791234891.4190
